source,headline,published_date,headline_hash
economist_tunisia_all,Take my life but not my privileges,1997-04-10,00468567ee49830e55f66f4a245d1acf73b5d5ab
economist_tunisia_economy,Take my life but not my privileges,1997-04-10,00468567ee49830e55f66f4a245d1acf73b5d5ab
economist_tunisia_all,Why are foreigners flocking to China for health care?,2026-04-14,006d7635cfed49e65a3cb13d94e8fe51c4735bdc
economist_tunisia_economy,Why are foreigners flocking to China for health care?,2026-04-14,006d7635cfed49e65a3cb13d94e8fe51c4735bdc
economist_tunisia_all,Sheratongate,2013-01-08,00751bd6876d6a08d117562e2a3cad364ed2a773
economist_tunisia_economy,Sheratongate,2013-01-08,00751bd6876d6a08d117562e2a3cad364ed2a773
economist_tunisia_economy,Carbon emissions from tourism are rising disproportionately fast,2024-12-11,00daa426fa69a310ab08483f8489492790002889
economist_tunisia_all,Carbon emissions from tourism are rising disproportionately fast,2024-12-11,00daa426fa69a310ab08483f8489492790002889
economist_tunisia_all,Scott Bessent takes on the bond market,2026-08-27,0101562ca29164f79ee408bcfc982907e767c56d
economist_tunisia_economy,Scott Bessent takes on the bond market,2026-08-27,0101562ca29164f79ee408bcfc982907e767c56d
economist_tunisia_all,How has the IMF fared during the pandemic?,2021-04-03,01091b0ef1bc6c5928fedc3579725892ee15b5ca
economist_tunisia_economy,How has the IMF fared during the pandemic?,2021-04-03,01091b0ef1bc6c5928fedc3579725892ee15b5ca
kapitalis,Zitouna Pay et Payvago intègrent le système tunisien de télécompensation interbancaire,2024-05-03,010a6ea95e90741ada689a2d0144d3e82f168618
leconomistmaghrebin,Zitouna Pay et Payvago intègrent le système tunisien de télécompensation interbancaire,2024-05-02,010a6ea95e90741ada689a2d0144d3e82f168618
economist_tunisia_all,Can Andy Burnham fix Britain’s broken finances?,2026-07-23,011e56154ef5c38c62691d8746a1fdad559579cb
economist_tunisia_economy,Can Andy Burnham fix Britain’s broken finances?,2026-07-23,011e56154ef5c38c62691d8746a1fdad559579cb
economist_tunisia_economy,Greater expectations?,2011-02-03,019a392711f8a1b8f08a2513d40ffc489b7854a2
economist_tunisia_all,Greater expectations?,2011-02-03,019a392711f8a1b8f08a2513d40ffc489b7854a2
economist_tunisia_economy,An IMF for Europe,2010-03-09,01b757282ac22989e7059f4ccc68871369e9145a
economist_tunisia_all,An IMF for Europe,2010-03-09,01b757282ac22989e7059f4ccc68871369e9145a
economist_tunisia_all,Battling stigma,2009-03-26,024e236d8c38b130aaeb95eabb84fd0ed06c28ea
economist_tunisia_economy,Battling stigma,2009-03-26,024e236d8c38b130aaeb95eabb84fd0ed06c28ea
economist_tunisia_economy,Protests and the pump,2011-02-03,0306ef7938d134eb88f14e7b5ee5241c7a0bf180
economist_tunisia_all,Protests and the pump,2011-02-03,0306ef7938d134eb88f14e7b5ee5241c7a0bf180
leconomistmaghrebin,Pourquoi l’Asie du Sud-Est est-elle à la traîne dans la reprise économique mondiale ?,2022-02-27,032158a1b0cd9c8f728a91b09079600e486e2f22
ilboursa,Pourquoi l’Asie du Sud-Est est-elle à la traîne dans la reprise économique mondiale ?,2022-02-27,032158a1b0cd9c8f728a91b09079600e486e2f22
economist_tunisia_all,America’s economy is soaring—even with the MAGA tax,2026-05-21,03e49267abeed798dcd889c63beb05410662ac07
economist_tunisia_economy,America’s economy is soaring—even with the MAGA tax,2026-05-21,03e49267abeed798dcd889c63beb05410662ac07
economist_tunisia_economy,"Turkey and Israel should trade energy, not insults",2026-07-02,04084b5a30a0274a50b308e32eedcdb0e05b3716
economist_tunisia_all,"Turkey and Israel should trade energy, not insults",2026-07-02,04084b5a30a0274a50b308e32eedcdb0e05b3716
economist_tunisia_all,Not even a cat to rescue,2006-04-20,04229dd74e3c31067a6335dcda6ca9e5a0a13c40
economist_tunisia_economy,Not even a cat to rescue,2006-04-20,04229dd74e3c31067a6335dcda6ca9e5a0a13c40
economist_tunisia_economy,Republicans have a plan to add trillions to the national debt,2025-05-13,0453c3f73d326cce9b0c0696458f7a0664c4833b
economist_tunisia_all,Republicans have a plan to add trillions to the national debt,2025-05-13,0453c3f73d326cce9b0c0696458f7a0664c4833b
economist_tunisia_economy,The Bank that failed,2007-09-20,05414aa78dc97679c3ce78b4ece587c5e38de0dd
economist_tunisia_all,The Bank that failed,2007-09-20,05414aa78dc97679c3ce78b4ece587c5e38de0dd
economist_tunisia_economy,A billion prices,2010-12-16,05a8ac328181436e922d9025a76d24945e1a9a3b
economist_tunisia_all,A billion prices,2010-12-16,05a8ac328181436e922d9025a76d24945e1a9a3b
kapitalis,Renforcer l’écosystème institutionnel pour accompagner les entrepreneurs tunisiens,2021-04-16,05b38abe518a9c8084ee2fc5ab72266c62f9badb
leconomistmaghrebin,Renforcer l’écosystème institutionnel pour accompagner les entrepreneurs tunisiens,2021-04-14,05b38abe518a9c8084ee2fc5ab72266c62f9badb
economist_tunisia_economy,Bad timing,2007-01-18,0624021191f03a4d0b9e0090a5e46f9fef70c2cb
economist_tunisia_all,Bad timing,2007-01-18,0624021191f03a4d0b9e0090a5e46f9fef70c2cb
economist_tunisia_all,Disunity among the BRICs,2011-06-08,06b81beefa9ad9c7e9a3a84c0a4af3e9e23f24ce
economist_tunisia_economy,Disunity among the BRICs,2011-06-08,06b81beefa9ad9c7e9a3a84c0a4af3e9e23f24ce
economist_tunisia_economy,Gita Gopinath: an interview with the former second in command at the IMF,2025-10-23,06e673e1f09ab6b9ca51f6744dd8d5a8ec8e21d9
economist_tunisia_all,Gita Gopinath: an interview with the former second in command at the IMF,2025-10-23,06e673e1f09ab6b9ca51f6744dd8d5a8ec8e21d9
economist_tunisia_all,En Garde,2011-05-26,070c7329d2dcfaaa3327746852b22f0742448b33
economist_tunisia_economy,En Garde,2011-05-26,070c7329d2dcfaaa3327746852b22f0742448b33
economist_tunisia_economy,New shades of green,2015-03-28,071fb0d0a43eaa022023dc9343bb59aefe11f8fd
economist_tunisia_all,New shades of green,2015-03-28,071fb0d0a43eaa022023dc9343bb59aefe11f8fd
economist_tunisia_all,"Tunisians are rallying around Abir Moussi, a demagogue",2021-04-15,0726fb237ed271c8f414de6ce844ffedebfcb460
economist_tunisia_economy,"Tunisians are rallying around Abir Moussi, a demagogue",2021-04-15,0726fb237ed271c8f414de6ce844ffedebfcb460
economist_tunisia_economy,What the Big Mac index reveals about a global currency beef,2026-07-30,073f9ea251d6a6c0b13b3ee06335f7b69f81ff80
economist_tunisia_all,What the Big Mac index reveals about a global currency beef,2026-07-30,073f9ea251d6a6c0b13b3ee06335f7b69f81ff80
economist_tunisia_all,Slouching towards zero,2010-05-19,075a013591d59fe47434c74f5cb98b4e2d78ff79
economist_tunisia_economy,Slouching towards zero,2010-05-19,075a013591d59fe47434c74f5cb98b4e2d78ff79
economist_tunisia_economy,Boney-park,2012-01-14,07752207d4189ee4126048cd83939112a9ddc3ce
economist_tunisia_all,Boney-park,2012-01-14,07752207d4189ee4126048cd83939112a9ddc3ce
economist_tunisia_all,The British economist Kate Barker on pension schemes and inflation,2023-03-13,07ce3e0f6d4510ded2f5428b0f6014f71959a453
economist_tunisia_economy,The British economist Kate Barker on pension schemes and inflation,2023-03-13,07ce3e0f6d4510ded2f5428b0f6014f71959a453
economist_tunisia_economy,"Indonesia, the biggest Muslim-majority country, is on a risky path",2026-05-14,086de4fd70f9b06e80c01e8ce4954bf6f7f637a2
economist_tunisia_all,"Indonesia, the biggest Muslim-majority country, is on a risky path",2026-05-14,086de4fd70f9b06e80c01e8ce4954bf6f7f637a2
economist_tunisia_all,Why the EU’s big covid-recovery fund lost steam,2026-08-04,08db8fceb46f982e6bdbc4939b549ec5dfac0cae
economist_tunisia_economy,Why the EU’s big covid-recovery fund lost steam,2026-08-04,08db8fceb46f982e6bdbc4939b549ec5dfac0cae
economist_tunisia_all,How has Brexit changed Britain’s economy?,2026-06-23,0a0645ac0b96d0819053e84383559bf937669fac
economist_tunisia_economy,How has Brexit changed Britain’s economy?,2026-06-23,0a0645ac0b96d0819053e84383559bf937669fac
economist_tunisia_all,Don’t blame global imbalances on the undervalued yuan,2026-07-28,0a249c1a464a333af2ecec0a1da39de82aa66e32
economist_tunisia_economy,Don’t blame global imbalances on the undervalued yuan,2026-07-28,0a249c1a464a333af2ecec0a1da39de82aa66e32
economist_tunisia_all,Judging by the headline,2011-03-02,0a6adabd05edf3ae7eff64284efdf8c2afbfc2d1
economist_tunisia_economy,Judging by the headline,2011-03-02,0a6adabd05edf3ae7eff64284efdf8c2afbfc2d1
economist_tunisia_all,"Britain, IMF crush",2010-09-27,0aa361797e017c79c044d409d5d237f060009127
economist_tunisia_economy,"Britain, IMF crush",2010-09-27,0aa361797e017c79c044d409d5d237f060009127
lapresse,BNA BANK participe au Tunisia Digital Summit : cap sur une banque plus digitale et plus accessible avec BNA H24,2026-04-17,0b1054f075b4e0c689fe3d075fcbc935910e9a84
leconomistmaghrebin,BNA BANK participe au Tunisia Digital Summit : cap sur une banque plus digitale et plus accessible avec BNA H24,2026-04-17,0b1054f075b4e0c689fe3d075fcbc935910e9a84
economist_tunisia_economy,America’s trade chaos is just beginning,2026-02-26,0b7807e0e9a56911e6bbd30cb7b25d6eed7193ef
economist_tunisia_all,America’s trade chaos is just beginning,2026-02-26,0b7807e0e9a56911e6bbd30cb7b25d6eed7193ef
economist_tunisia_economy,Lebanon is experiencing a tourism boom,2023-08-24,0bbce0576d980bf237ba7b0acc7391b3f7dca273
economist_tunisia_all,Lebanon is experiencing a tourism boom,2023-08-24,0bbce0576d980bf237ba7b0acc7391b3f7dca273
kapitalis,La Biat consolide sa performance financière en 2021,2022-01-27,0bcee7645ec768aa21f6a41f1466af1716c8026e
ilboursa,La BIAT consolide sa performance financière en 2021,2022-01-27,0bcee7645ec768aa21f6a41f1466af1716c8026e
economist_tunisia_economy,"Elbows up, again: a US-Canada trade flare-up",2026-08-24,0bd13c0011588cad9425cde2eb33a622fad60004
economist_tunisia_all,"Elbows up, again: a US-Canada trade flare-up",2026-08-24,0bd13c0011588cad9425cde2eb33a622fad60004
economist_tunisia_all,Ethical tourism,2006-07-20,0c23d624c58debd93fa7c214ede525ad2c8a30f0
economist_tunisia_economy,Ethical tourism,2006-07-20,0c23d624c58debd93fa7c214ede525ad2c8a30f0
economist_tunisia_all,A dictator deposed,2011-01-15,0c8619d4a3f9ed079bc6e9def820d875acfeb166
economist_tunisia_economy,A dictator deposed,2011-01-15,0c8619d4a3f9ed079bc6e9def820d875acfeb166
leconomistmaghrebin,Quel est le plan de Trump concernant les tarifs douaniers ?,2025-02-23,0cea9ea58fbd7893e81b0679b1b7bb1adf26a389
ilboursa,Quel est le plan de Trump concernant les tarifs douaniers ?,2025-02-23,0cea9ea58fbd7893e81b0679b1b7bb1adf26a389
economist_tunisia_all,"Italy’s new government wants to deport 500,000 people",2018-06-07,0ee38267cf0b617403f1ce3d538d8f713bfc81ec
economist_tunisia_economy,"Italy’s new government wants to deport 500,000 people",2018-06-07,0ee38267cf0b617403f1ce3d538d8f713bfc81ec
economist_tunisia_economy,"As Iran’s civilian economy crumbles, its military economy grows stronger",2026-04-06,0eef24cb0338998c4cac4442e6562228a036dc65
economist_tunisia_all,"As Iran’s civilian economy crumbles, its military economy grows stronger",2026-04-06,0eef24cb0338998c4cac4442e6562228a036dc65
economist_tunisia_economy,The bank that likes to say no,1998-06-04,0f273816e5e7b998b5f5a8199bdabde7562b5ca8
economist_tunisia_all,The bank that likes to say no,1998-06-04,0f273816e5e7b998b5f5a8199bdabde7562b5ca8
economist_tunisia_economy,Importing them by the shipload,2013-11-23,0fdb9f28de001694375ed165673658295b800091
economist_tunisia_all,Importing them by the shipload,2013-11-23,0fdb9f28de001694375ed165673658295b800091
ilboursa,216 Capital investit dans la startup Juridoc,2025-03-18,103340a7b8520bfadae3a3996789ffdd0e9fc15d
leconomistmaghrebin,216 Capital investit dans la startup Juridoc,2025-03-18,103340a7b8520bfadae3a3996789ffdd0e9fc15d
economist_tunisia_economy,Is the world economy out of balance?,2026-07-30,1060362b86278bc24769326d8a6a8201f1c13243
economist_tunisia_all,Is the world economy out of balance?,2026-07-30,1060362b86278bc24769326d8a6a8201f1c13243
economist_tunisia_all,The IMF bashes the IMF over Argentina,2022-01-08,106770954e196801fd3d87269e5164ec58ce89bf
economist_tunisia_economy,The IMF bashes the IMF over Argentina,2022-01-08,106770954e196801fd3d87269e5164ec58ce89bf
ilboursa,"La Bourse de Tunis franchit la barre des 8000 points, un record historique",2018-06-26,1085803c3e534e373342135d12582b6cd7bd1ada
leconomistmaghrebin,"La Bourse de Tunis franchit la barre des 8000 points, un record historique",2018-06-30,1085803c3e534e373342135d12582b6cd7bd1ada
economist_tunisia_economy,Javier Milei’s Odysseus act,2026-07-31,10aaf1a3b910eb7848e135158896fe5c27119775
economist_tunisia_all,Javier Milei’s Odysseus act,2026-07-31,10aaf1a3b910eb7848e135158896fe5c27119775
economist_tunisia_economy,How—and how much—should central banks talk?,2026-08-06,110ba3ddb3ea8a33ffdeea73b01464462a0f527e
economist_tunisia_all,How—and how much—should central banks talk?,2026-08-06,110ba3ddb3ea8a33ffdeea73b01464462a0f527e
lapresse,Dérivés de dattes de Tunisie : Les exportations ont triplé en cinq ans,2025-06-12,111fc121aa14991cc9f5c2d7b0e14e7de604c55b
ilboursa,Dérivés de dattes de Tunisie : Les exportations ont triplé en cinq ans,2025-06-13,111fc121aa14991cc9f5c2d7b0e14e7de604c55b
economist_tunisia_all,"To target, and beyond",2012-07-17,11248a43a2c3de8008918613469aba5efbf47c9d
economist_tunisia_economy,"To target, and beyond",2012-07-17,11248a43a2c3de8008918613469aba5efbf47c9d
leconomistmaghrebin,Attijari bank réaffirme son engagement envers les Tunisiens résidant à l’étranger,2017-08-16,1194778e5e2f67d7bf154b1d065aaaff38a2f16b
kapitalis,Attijari bank réaffirme son engagement envers les Tunisiens résidant à l’étranger,2022-07-04,1194778e5e2f67d7bf154b1d065aaaff38a2f16b
economist_tunisia_economy,Jihadists returning home to Tunisia,2017-01-18,121480c0b20645b5c4ef85e4c3af22890e0590b9
economist_tunisia_all,Jihadists returning home to Tunisia,2017-01-18,121480c0b20645b5c4ef85e4c3af22890e0590b9
ilboursa,Quelles situations et perspectives pour l’inclusion financière en Tunisie ?,2022-06-16,1226ee86b37f6b46c6a393e5b442e16d668c855c
leconomistmaghrebin,Quelles situations et perspectives pour l’inclusion financière en Tunisie ?,2022-06-16,1226ee86b37f6b46c6a393e5b442e16d668c855c
economist_tunisia_all,The state of democracy in Africa and the Middle East,2023-04-03,125bcfcddf3b4a929648270613d884324da36e29
economist_tunisia_economy,The state of democracy in Africa and the Middle East,2023-04-03,125bcfcddf3b4a929648270613d884324da36e29
economist_tunisia_economy,America’s new sanctions are unlikely to topple Iran’s regime,2026-08-27,12f0e2da88b96f80d74bd5820a814b6d910206cf
economist_tunisia_all,America’s new sanctions are unlikely to topple Iran’s regime,2026-08-27,12f0e2da88b96f80d74bd5820a814b6d910206cf
economist_tunisia_all,The economics of regime change,2026-01-15,137448f9fc32b01e851199748a57af8d1ca12be4
economist_tunisia_economy,The economics of regime change,2026-01-15,137448f9fc32b01e851199748a57af8d1ca12be4
economist_tunisia_all,Can luxury toilets fix China’s economy?,2026-04-22,137c1981204886d325585a09825539d1869472e4
economist_tunisia_economy,Can luxury toilets fix China’s economy?,2026-04-22,137c1981204886d325585a09825539d1869472e4
economist_tunisia_all,"Tunisia confronts corruption, the economy and Islamic State",2015-11-17,1388e1853df2261a76037a3a055345d5b586cd5b
economist_tunisia_economy,"Tunisia confronts corruption, the economy and Islamic State",2015-11-17,1388e1853df2261a76037a3a055345d5b586cd5b
economist_tunisia_economy,"The best check on Fed politicisation is fear of being judged a failure, says Richard Clarida",2025-06-30,13cda1aeb7efcb988a6986dfaac01a938ac4ed40
economist_tunisia_all,"The best check on Fed politicisation is fear of being judged a failure, says Richard Clarida",2025-06-30,13cda1aeb7efcb988a6986dfaac01a938ac4ed40
economist_tunisia_economy,Holidays for masochists,2001-06-07,14191a68d7b23a8f07a48cfd44760ac26a901452
economist_tunisia_all,Holidays for masochists,2001-06-07,14191a68d7b23a8f07a48cfd44760ac26a901452
economist_tunisia_all,Digital dragon,2005-12-14,1456d24977609a4a5b9e32d2708024d6d23931bb
economist_tunisia_economy,Digital dragon,2005-12-14,1456d24977609a4a5b9e32d2708024d6d23931bb
economist_tunisia_economy,"Global uncertainty is here to stay, says the head of the IMF",2025-11-12,14944f19730db20dcc08efd430f4bc4005786e14
economist_tunisia_all,"Global uncertainty is here to stay, says the head of the IMF",2025-11-12,14944f19730db20dcc08efd430f4bc4005786e14
leconomistmaghrebin,Que faut-il attendre du contexte macroéconomique mondial en 2025 ?,2025-01-05,14e6ff3d01e3a6112d0577b6d001c6f4a668721a
ilboursa,Que faut-il attendre du contexte macroéconomique mondial en 2025 ?,2025-01-05,14e6ff3d01e3a6112d0577b6d001c6f4a668721a
economist_tunisia_economy,With whom?,1998-10-08,1528c213bffd90bd08bc73fdfde42dddaa2f793d
economist_tunisia_all,With whom?,1998-10-08,1528c213bffd90bd08bc73fdfde42dddaa2f793d
economist_tunisia_economy,Where Canada can hurt America most,2026-09-03,15d0794db9a997282c46fde82e747dfe44da1b37
economist_tunisia_all,Where Canada can hurt America most,2026-09-03,15d0794db9a997282c46fde82e747dfe44da1b37
economist_tunisia_all,Still disinflating,2010-03-30,15fb2325c8a1c5f7159e94a3cb603b5d49672b33
economist_tunisia_economy,Still disinflating,2010-03-30,15fb2325c8a1c5f7159e94a3cb603b5d49672b33
economist_tunisia_all,Europe’s bond markets are suffering a post-holiday shock,2026-09-01,1655cb3effdc3eeca3a25e0a7ed0f2b86d0b1dbb
economist_tunisia_economy,Europe’s bond markets are suffering a post-holiday shock,2026-09-01,1655cb3effdc3eeca3a25e0a7ed0f2b86d0b1dbb
kapitalis,Lotfi Charfeddine dément avoir vendu ses parts dans le capital d’Attessia TV,2020-10-09,16904fe2f26a7d5e5a0863f47a81134e8d45f4ca
ilboursa,Lotfi Charfeddine dément avoir vendu ses parts dans le capital d’ATTESSIA TV,2020-10-09,16904fe2f26a7d5e5a0863f47a81134e8d45f4ca
leconomistmaghrebin,Fiscalité mondiale en mutation : colloque international à Tunis les 23 et 24 octobre,2025-10-17,16f10f35dc229e1ccc8dc2d8a78ce78bd62f0553
lapresse,Fiscalité mondiale en mutation : colloque international à Tunis les 23 et 24 octobre,2025-10-17,16f10f35dc229e1ccc8dc2d8a78ce78bd62f0553
economist_tunisia_economy,Hong Kong’s retail therapy,2026-08-04,172a61d02391b45250debb574ef1812c7f8ac6f6
economist_tunisia_all,Hong Kong’s retail therapy,2026-08-04,172a61d02391b45250debb574ef1812c7f8ac6f6
economist_tunisia_economy,Tug of Warsh: will the new chair politicise the Fed?,2026-02-03,175ef7747b1a23b8ac9c191766ec7e9edaf5afb3
economist_tunisia_all,Tug of Warsh: will the new chair politicise the Fed?,2026-02-03,175ef7747b1a23b8ac9c191766ec7e9edaf5afb3
economist_tunisia_all,The global tourism boom is shifting to Asia,2024-08-15,183350ff979aae450abff02acae215b8c6f436d2
economist_tunisia_economy,The global tourism boom is shifting to Asia,2024-08-15,183350ff979aae450abff02acae215b8c6f436d2
economist_tunisia_all,Ukraine faces a $19bn budget black hole,2025-09-17,185acb61f713157a0833ab790daec71772345772
economist_tunisia_economy,Ukraine faces a $19bn budget black hole,2025-09-17,185acb61f713157a0833ab790daec71772345772
leconomistmaghrebin,Quels enseignements les marchés des matières premières offrent-ils sur les incertitudes entourant les perspectives économiques mondiales ?,2024-12-08,18a5c94069ba3c42a43dfb6461ea33e8a16b8388
ilboursa,Quels enseignements les marchés des matières premières offrent-ils sur les incertitudes entourant les perspectives économiques mondiales ?,2024-12-08,18a5c94069ba3c42a43dfb6461ea33e8a16b8388
economist_tunisia_all,America's thriving domestic trade,2013-10-09,18ac9a4b4869fb86831a6a5bac41a42eb665e727
economist_tunisia_economy,America's thriving domestic trade,2013-10-09,18ac9a4b4869fb86831a6a5bac41a42eb665e727
economist_tunisia_all,Russia’s economy has entered the death zone,2026-02-16,18b672dc0d0df9ee7ded81cf2699cd0dcab46188
economist_tunisia_economy,Russia’s economy has entered the death zone,2026-02-16,18b672dc0d0df9ee7ded81cf2699cd0dcab46188
economist_tunisia_all,Russia’s economy has entered the death zone,2026-02-18,18b672dc0d0df9ee7ded81cf2699cd0dcab46188
economist_tunisia_economy,Russia’s economy has entered the death zone,2026-02-18,18b672dc0d0df9ee7ded81cf2699cd0dcab46188
economist_tunisia_all,Unfinished business,2012-02-04,1945f10742f6e7b0e5d3c4a24aca707cf68776ac
economist_tunisia_economy,Unfinished business,2012-02-04,1945f10742f6e7b0e5d3c4a24aca707cf68776ac
economist_tunisia_all,“Liberation Day” has reshaped trade—but not as Donald Trump hoped,2026-04-01,1954a11eb0b73504e806616f9540c5d5127c3dab
economist_tunisia_economy,“Liberation Day” has reshaped trade—but not as Donald Trump hoped,2026-04-01,1954a11eb0b73504e806616f9540c5d5127c3dab
economist_tunisia_all,Beef has never been pricier—and meatpackers are suffering,2026-09-10,19aa0fbab737ae2a92a2aa6ed8fd96b8d7e19dea
economist_tunisia_economy,Beef has never been pricier—and meatpackers are suffering,2026-09-10,19aa0fbab737ae2a92a2aa6ed8fd96b8d7e19dea
economist_tunisia_economy,America and India strike a long-awaited trade truce,2026-02-02,1a0fbba121ce7dd6fb32c6662a413ec74f17e518
economist_tunisia_all,America and India strike a long-awaited trade truce,2026-02-02,1a0fbba121ce7dd6fb32c6662a413ec74f17e518
economist_tunisia_all,"AI revenues are growing fast, but not fast enough",2026-07-28,1a3448cfa98d5fbb40301db2048ae05efa2de265
economist_tunisia_economy,"AI revenues are growing fast, but not fast enough",2026-07-28,1a3448cfa98d5fbb40301db2048ae05efa2de265
economist_tunisia_all,A hundred days of BJP shock and awe in West Bengal,2026-08-27,1a616894f0dc411a2e9ab43954d7cae252034f31
economist_tunisia_economy,A hundred days of BJP shock and awe in West Bengal,2026-08-27,1a616894f0dc411a2e9ab43954d7cae252034f31
economist_tunisia_economy,How India is weathering the energy shock,2026-07-19,1adf05eb0ff8d7739a76ffaf3e50db42adb13c37
economist_tunisia_all,How India is weathering the energy shock,2026-07-19,1adf05eb0ff8d7739a76ffaf3e50db42adb13c37
leconomistmaghrebin,La BIAT remporte quatre labels d’excellence en 2022,2022-12-06,1b2efb3bec0ad5a3c375dd458ce9863fbe07f5a2
ilboursa,La BIAT remporte quatre labels d’excellence en 2022,2022-12-05,1b2efb3bec0ad5a3c375dd458ce9863fbe07f5a2
kapitalis,La Biat remporte quatre labels d’excellence en 2022,2022-12-06,1b2efb3bec0ad5a3c375dd458ce9863fbe07f5a2
economist_tunisia_economy,Blighty newsletter: Winston Churchill has spoiled Andy Burnham’s week,2026-09-01,1b3b751d849a3eaa0b8d2eb22fecb2687e601e00
economist_tunisia_all,Blighty newsletter: Winston Churchill has spoiled Andy Burnham’s week,2026-09-01,1b3b751d849a3eaa0b8d2eb22fecb2687e601e00
economist_tunisia_all,Bond-market lessons for Labour’s leadership hopefuls,2026-05-12,1ba454bb49ec10eb28554b3537f4dae554d607fd
economist_tunisia_economy,Bond-market lessons for Labour’s leadership hopefuls,2026-05-12,1ba454bb49ec10eb28554b3537f4dae554d607fd
leconomistmaghrebin,PBR Rating octroie à BSB la note de A- (TUN) avec perspective positive,2022-12-20,1bd60dcc4dd784c6dd182de28d0eed5881b45715
ilboursa,PBR Rating octroie à BSB la note de A- (TUN) avec perspective positive,2022-12-20,1bd60dcc4dd784c6dd182de28d0eed5881b45715
kapitalis,PBR Rating octroie à BSB la note de A- (TUN) avec perspective positive,2022-12-23,1bd60dcc4dd784c6dd182de28d0eed5881b45715
ilboursa,Paiement des frais d’inscription scolaire avec les cartes bancaires de la BNA BANK,2021-09-06,1c3f8071e3e16ff4843df9c39d1dde7e86917a45
kapitalis,Paiement des frais d’inscription scolaire avec les cartes bancaires de la BNA Bank,2021-09-03,1c3f8071e3e16ff4843df9c39d1dde7e86917a45
economist_tunisia_economy,No wind in these sails,2010-03-17,1d1a282f8af2c43234a8afd0500787b5f2c82047
economist_tunisia_all,No wind in these sails,2010-03-17,1d1a282f8af2c43234a8afd0500787b5f2c82047
economist_tunisia_all,Hormuz is not the only weak spot for global trade,2026-03-26,1d5f14af6a13e78c3e0f679857392f659e86a5ef
economist_tunisia_economy,Hormuz is not the only weak spot for global trade,2026-03-26,1d5f14af6a13e78c3e0f679857392f659e86a5ef
economist_tunisia_all,We the people,2011-11-17,1d7d9307980465c38664aab2b895f561dc51d9ca
economist_tunisia_economy,We the people,2011-11-17,1d7d9307980465c38664aab2b895f561dc51d9ca
economist_tunisia_all,Why use core inflation?,2011-03-30,1d9022325fe68c1c6079b474cb92b5e0d8d25ae1
economist_tunisia_economy,Why use core inflation?,2011-03-30,1d9022325fe68c1c6079b474cb92b5e0d8d25ae1
economist_tunisia_economy,Pledges and pledges,2011-03-28,1dd20bcc31f074cb668993cd11f64e859c7a162b
economist_tunisia_all,Pledges and pledges,2011-03-28,1dd20bcc31f074cb668993cd11f64e859c7a162b
economist_tunisia_all,Arafat’s fight for survival,2002-07-11,1e2fad8e70b66d7a5d427bf4cdba2e0cda8b443d
economist_tunisia_economy,Arafat’s fight for survival,2002-07-11,1e2fad8e70b66d7a5d427bf4cdba2e0cda8b443d
economist_tunisia_economy,China is trying to boost domestic tourism,2024-02-15,1e4fed6a57a8275955e81fcd097e0f668a80cefa
economist_tunisia_all,China is trying to boost domestic tourism,2024-02-15,1e4fed6a57a8275955e81fcd097e0f668a80cefa
economist_tunisia_all,The economic folly of free buses,2026-09-10,1e9dc2c8a8a13a01b26aa34dee4a09804d7041fa
economist_tunisia_economy,The economic folly of free buses,2026-09-10,1e9dc2c8a8a13a01b26aa34dee4a09804d7041fa
economist_tunisia_economy,The costs of defying Donald Trump are mounting for Canada,2026-08-23,1eaa5197cb72ebfc5a5de0b6b5110d6528b9808b
economist_tunisia_all,The costs of defying Donald Trump are mounting for Canada,2026-08-23,1eaa5197cb72ebfc5a5de0b6b5110d6528b9808b
economist_tunisia_all,Attacking Cuba would be a huge mistake,2026-05-27,1ecea8d1f093a957558a63de40c9c90ed1c6c5e3
economist_tunisia_economy,Attacking Cuba would be a huge mistake,2026-05-27,1ecea8d1f093a957558a63de40c9c90ed1c6c5e3
leconomistmaghrebin,Le commerce mondial devrait résister à des vents contraires importants en 2025,2024-10-20,1edb730c5940d3fcec1c5314ebb7a4b0fbcd94de
ilboursa,Le commerce mondial devrait résister à des vents contraires importants en 2025,2024-10-20,1edb730c5940d3fcec1c5314ebb7a4b0fbcd94de
leconomistmaghrebin,Le commerce mondial devrait résister à des vents contraires importants en 2025,2024-11-17,1edb730c5940d3fcec1c5314ebb7a4b0fbcd94de
economist_tunisia_all,Comfort meets constraint in China’s most “liveable” city,2026-06-15,1f2a5d2a27a427ee53d6de2a869585fc0736b75c
economist_tunisia_economy,Comfort meets constraint in China’s most “liveable” city,2026-06-15,1f2a5d2a27a427ee53d6de2a869585fc0736b75c
economist_tunisia_all,VW’s surprise job-slashing deal is a big win for its bosses,2026-09-04,1f3a3a32f269a78b6d5d82bc6e046bb968cc4083
economist_tunisia_economy,VW’s surprise job-slashing deal is a big win for its bosses,2026-09-04,1f3a3a32f269a78b6d5d82bc6e046bb968cc4083
economist_tunisia_all,Inflation is back around the world—as is the fight against it,2026-09-06,1f941fe3a4a2a43f82476008bb336fd38deff7ae
economist_tunisia_economy,Inflation is back around the world—as is the fight against it,2026-09-06,1f941fe3a4a2a43f82476008bb336fd38deff7ae
economist_tunisia_all,How an oil-supply crisis could bring about an investment boom,2026-09-13,1fadbd5b13af6574d945b31b82785ea5e80ad758
economist_tunisia_economy,How an oil-supply crisis could bring about an investment boom,2026-09-13,1fadbd5b13af6574d945b31b82785ea5e80ad758
economist_tunisia_all,Inflation is losing its meaning as an economic indicator,2019-10-10,2011c0cae501692d85bf84dedda0db283b2ed1e9
economist_tunisia_economy,Inflation is losing its meaning as an economic indicator,2019-10-10,2011c0cae501692d85bf84dedda0db283b2ed1e9
economist_tunisia_economy,Drink and be sorry,2011-02-15,20162d1ddd96a84f5b372b631273cbaded5bab52
economist_tunisia_all,Drink and be sorry,2011-02-15,20162d1ddd96a84f5b372b631273cbaded5bab52
economist_tunisia_all,The AI boom is coming for your gadgets,2026-09-03,2030cc8f2a901390cd875706f459510fe7f6c458
economist_tunisia_economy,The AI boom is coming for your gadgets,2026-09-03,2030cc8f2a901390cd875706f459510fe7f6c458
economist_tunisia_economy,How to shrink the Fed’s $7trn balance-sheet,2026-07-16,206980161c9c7b518191818fd5fe854453987683
economist_tunisia_all,How to shrink the Fed’s $7trn balance-sheet,2026-07-16,206980161c9c7b518191818fd5fe854453987683
economist_tunisia_all,The pain to come in private credit,2026-06-01,20ab2ff71bba5294dca64c0843fa72656884fc01
economist_tunisia_economy,The pain to come in private credit,2026-06-01,20ab2ff71bba5294dca64c0843fa72656884fc01
ilboursa,Un hommage marquant pour l’engagement de l’UIB en faveur de la parité professionnelle,2025-04-21,20c18c4c7cd4158814dad0df12b9f42642bd9a34
lapresse,Un hommage marquant pour l’engagement de l’UIB en faveur de la parité professionnelle,2025-04-21,20c18c4c7cd4158814dad0df12b9f42642bd9a34
economist_tunisia_all,Monetary misquotations,2006-08-24,20d10a4cc0edfe47fb6c643b13c3e9dc46dcdc75
economist_tunisia_economy,Monetary misquotations,2006-08-24,20d10a4cc0edfe47fb6c643b13c3e9dc46dcdc75
economist_tunisia_economy,How to design paper money that represents Europe,2026-07-27,20dd6b04b7517cbf4f0e1edf25027d4b02c945e7
economist_tunisia_all,How to design paper money that represents Europe,2026-07-27,20dd6b04b7517cbf4f0e1edf25027d4b02c945e7
economist_tunisia_all,Can emerging markets’ stellar run continue?,2026-02-04,216fff6d1ddfd1527c3de7b95f7bb4122475488e
economist_tunisia_economy,Can emerging markets’ stellar run continue?,2026-02-04,216fff6d1ddfd1527c3de7b95f7bb4122475488e
economist_tunisia_economy,The pain after the shock,2015-06-29,2187c4d017ebc8fbfb78469d34913a2cbb61f410
economist_tunisia_all,The pain after the shock,2015-06-29,2187c4d017ebc8fbfb78469d34913a2cbb61f410
economist_tunisia_economy,Kevin Warsh tries being a normal central banker,2026-08-28,219ed1452552783aaa34dcd5e478ba64b658cff8
economist_tunisia_all,Kevin Warsh tries being a normal central banker,2026-08-28,219ed1452552783aaa34dcd5e478ba64b658cff8
economist_tunisia_all,America’s shuttle diplomacy to wind down the war in Gaza,2024-02-01,21a448da356fbed72ae91a4e3eafba9ebcc6b364
economist_tunisia_economy,America’s shuttle diplomacy to wind down the war in Gaza,2024-02-01,21a448da356fbed72ae91a4e3eafba9ebcc6b364
ilboursa,La Bourse de Tunis retrouve des couleurs,2016-03-09,223c728c18db662c7e7a53488e6a5d132ca61522
ilboursa,La Bourse de Tunis retrouve des couleurs,2015-01-29,223c728c18db662c7e7a53488e6a5d132ca61522
leconomistmaghrebin,La Bourse de Tunis retrouve des couleurs,2018-10-27,223c728c18db662c7e7a53488e6a5d132ca61522
ilboursa,La Bourse de Tunis retrouve des couleurs,2014-11-20,223c728c18db662c7e7a53488e6a5d132ca61522
economist_tunisia_all,The rich world faces a painful bout of inflation,2025-10-16,228da83b1b85e56e4960501fb814770ca2bd957b
economist_tunisia_economy,The rich world faces a painful bout of inflation,2025-10-16,228da83b1b85e56e4960501fb814770ca2bd957b
ilboursa,QNB sponsor GOLD du 24ème Forum international du magazine l’Economiste Maghrébin,2023-05-02,22a1b5b6e46bdd80ac3a7533677145d9685749a0
leconomistmaghrebin,QNB sponsor GOLD du 24ème Forum international du magazine l’Economiste Maghrébin,2023-05-02,22a1b5b6e46bdd80ac3a7533677145d9685749a0
economist_tunisia_economy,Print job,2010-07-20,22ad64f0a8d6e1bc3517ae419fafadf41962cf4a
economist_tunisia_all,Print job,2010-07-20,22ad64f0a8d6e1bc3517ae419fafadf41962cf4a
economist_tunisia_all,"When Japan buys yen, it unwinds a dangerous trade",2026-08-13,231398c16616fb1e925ebdab74204ec24584bba3
economist_tunisia_economy,"When Japan buys yen, it unwinds a dangerous trade",2026-08-13,231398c16616fb1e925ebdab74204ec24584bba3
ilboursa,La BIAT primée Meilleure banque dépositaire en 2020 par Global Finance,2020-09-28,231d37c371358917dc1d5a6dbedb335dceea614b
leconomistmaghrebin,La BIAT primée meilleure banque dépositaire en 2020 par Global Finance,2020-09-28,231d37c371358917dc1d5a6dbedb335dceea614b
economist_tunisia_all,How Europe’s fear of migrants came to dominate its foreign policy,2024-03-27,23997d9d63e1c2c0f629381ea5ce19daa26bbc2b
economist_tunisia_economy,How Europe’s fear of migrants came to dominate its foreign policy,2024-03-27,23997d9d63e1c2c0f629381ea5ce19daa26bbc2b
economist_tunisia_all,Title inflation (continued),2010-07-28,253452e454e97235029cda094dd2ae48a51f2ecc
economist_tunisia_economy,Title inflation (continued),2010-07-28,253452e454e97235029cda094dd2ae48a51f2ecc
economist_tunisia_all,Donald Trump’s oil embargo reveals a solar boom in Cuba,2026-02-26,253ea7c5f49978157ba2383bb7232821c65f3556
economist_tunisia_economy,Donald Trump’s oil embargo reveals a solar boom in Cuba,2026-02-26,253ea7c5f49978157ba2383bb7232821c65f3556
economist_tunisia_economy,Chronicle of a debt foretold,2011-01-28,25f2548d81bc16d2c062056dd9096c5610ca8b41
economist_tunisia_all,Chronicle of a debt foretold,2011-01-28,25f2548d81bc16d2c062056dd9096c5610ca8b41
economist_tunisia_all,The sex trade imbalance,2011-03-10,2606f8deaa731c6cdfb9a7bdeafc7ff7483f503d
economist_tunisia_economy,The sex trade imbalance,2011-03-10,2606f8deaa731c6cdfb9a7bdeafc7ff7483f503d
economist_tunisia_all,Russia’s economy,,26645b527837c24b968a6282cb4c69465faadeda
economist_tunisia_economy,Russia’s economy,,26645b527837c24b968a6282cb4c69465faadeda
economist_tunisia_economy,How to make tourism work for locals and visitors alike,2024-08-01,26a1619895ecb0be02ee91fd0696b6ad3da8cb19
economist_tunisia_all,How to make tourism work for locals and visitors alike,2024-08-01,26a1619895ecb0be02ee91fd0696b6ad3da8cb19
economist_tunisia_all,How the Trump administration learned to love foreign aid,2025-10-02,26ba67a957227a968fd20a6b41155ed703f0755f
economist_tunisia_economy,How the Trump administration learned to love foreign aid,2025-10-02,26ba67a957227a968fd20a6b41155ed703f0755f
ilboursa,Amen Bank lance le payement sans contact sécurisé au niveau des restaurants Baguette & Baguette,2019-05-06,2711117a5366e871e3420d396f430330cf913659
kapitalis,Amen bank lance le payement sans contact sécurisé au niveau des restaurants Baguette & Baguette,2019-05-06,2711117a5366e871e3420d396f430330cf913659
economist_tunisia_economy,Paris’s Muslims and Jews are now more anxious than ever,2015-11-17,27148af8f83fe0b2e557048168476c56299defca
economist_tunisia_all,Paris’s Muslims and Jews are now more anxious than ever,2015-11-17,27148af8f83fe0b2e557048168476c56299defca
economist_tunisia_all,What opponents of the EU-US trade deal get wrong,2025-07-30,2732ace4b34e6a45c464790687249e27105b4caa
economist_tunisia_economy,What opponents of the EU-US trade deal get wrong,2025-07-30,2732ace4b34e6a45c464790687249e27105b4caa
kapitalis,La BIAT réaffirme son engagement pour accompagner ses clients dans la réalisation de leurs projets de vie,2023-09-11,277bc0b79c1f4620f2ae3d61dba49d0e8f295dee
ilboursa,La BIAT réaffirme son engagement pour accompagner ses clients dans la réalisation de leurs projets de vie,2023-09-11,277bc0b79c1f4620f2ae3d61dba49d0e8f295dee
economist_tunisia_all,How much will a 4th of July cookout cost this year?,2026-07-02,2897ec6ae1be5aa8b2333c2969e0c53307ecf1ac
economist_tunisia_economy,How much will a 4th of July cookout cost this year?,2026-07-02,2897ec6ae1be5aa8b2333c2969e0c53307ecf1ac
economist_tunisia_all,A central banker’s lessons from a fragmented decade,2026-05-25,29268b124a32ea690532a20612f1146002e752bc
economist_tunisia_economy,A central banker’s lessons from a fragmented decade,2026-05-25,29268b124a32ea690532a20612f1146002e752bc
ilboursa,Le pari gagnant du redressement stratégique de QNB Tunisia en 2025,2026-03-19,29377648928de79c164abe176e41060f0bc3700f
lapresse,Le pari gagnant du redressement stratégique de QNB Tunisia en 2025,2026-03-19,29377648928de79c164abe176e41060f0bc3700f
economist_tunisia_all,LIV Golf’s failure shows how not to invest in sport,2026-09-03,293d2b7a4d3840eb52b40a8f8e79201fdc275adc
economist_tunisia_economy,LIV Golf’s failure shows how not to invest in sport,2026-09-03,293d2b7a4d3840eb52b40a8f8e79201fdc275adc
economist_tunisia_all,Till debt us do part,2002-10-10,2a1695f77c6054428deaf80865bbfaf5073ad8b4
economist_tunisia_economy,Till debt us do part,2002-10-10,2a1695f77c6054428deaf80865bbfaf5073ad8b4
economist_tunisia_all,The great brawl: China is winning the trade war,2025-10-24,2a1e22c4f18fe28582071a151383f08e052fc7ce
economist_tunisia_economy,The great brawl: China is winning the trade war,2025-10-24,2a1e22c4f18fe28582071a151383f08e052fc7ce
economist_tunisia_all,A new Plaza Accord for global currencies wouldn’t work,2026-06-30,2a62926e5237738dfb39bda584bbffb5b0b1487a
economist_tunisia_economy,A new Plaza Accord for global currencies wouldn’t work,2026-06-30,2a62926e5237738dfb39bda584bbffb5b0b1487a
economist_tunisia_all,America has become an entrepreneur’s paradise,2026-07-27,2a63abf5b30bea2e3b45cc2357752308720e22e1
economist_tunisia_economy,America has become an entrepreneur’s paradise,2026-07-27,2a63abf5b30bea2e3b45cc2357752308720e22e1
economist_tunisia_economy,The return of the African megaproject,2026-07-23,2a7b8c51eda8c9c9d6c30e4bf9be1176c0c26595
economist_tunisia_all,The return of the African megaproject,2026-07-23,2a7b8c51eda8c9c9d6c30e4bf9be1176c0c26595
economist_tunisia_all,Storm clouds gather over America’s financial supremacy,2026-07-12,2aaf6beb3332317691a6f0b407752224f116baa3
economist_tunisia_economy,Storm clouds gather over America’s financial supremacy,2026-07-12,2aaf6beb3332317691a6f0b407752224f116baa3
leconomistmaghrebin,La BCT maintient inchangé son taux d’intérêt directeur,2018-12-11,2ac3e84606c4df7a8cc075247fc14a20ceecbb76
ilboursa,La BCT maintient inchangé son taux d’intérêt directeur,2015-07-30,2ac3e84606c4df7a8cc075247fc14a20ceecbb76
economist_tunisia_economy,Reality check at the IMF,2006-04-20,2b18a4d627b298180db1aa48136e31943cda674b
economist_tunisia_all,Reality check at the IMF,2006-04-20,2b18a4d627b298180db1aa48136e31943cda674b
economist_tunisia_economy,"Canada, China, Mexico and the art of retaliation",2025-02-02,2b3ce3aaae52de55fd92f5885d4d753424769fb1
economist_tunisia_all,"Canada, China, Mexico and the art of retaliation",2025-02-02,2b3ce3aaae52de55fd92f5885d4d753424769fb1
economist_tunisia_all,The host with the most,2007-05-17,2bbeb61cac9a6e69e4a03681d13ec58ddad62cf4
economist_tunisia_economy,The host with the most,2007-05-17,2bbeb61cac9a6e69e4a03681d13ec58ddad62cf4
economist_tunisia_all,Link exchange,2011-01-17,2c74d6507ca74374ab7739304454c4b66054ff03
economist_tunisia_economy,Link exchange,2011-01-17,2c74d6507ca74374ab7739304454c4b66054ff03
economist_tunisia_all,Can Trump end America’s $1.8trn student-debt nightmare?,2025-07-01,2c7550e7bfa9a271cc88b3836d1ec660b08bb58d
economist_tunisia_economy,Can Trump end America’s $1.8trn student-debt nightmare?,2025-07-01,2c7550e7bfa9a271cc88b3836d1ec660b08bb58d
leconomistmaghrebin,"L’UIB, primée meilleure banque en Tunisie par le magazine The Banker",2019-12-21,2ccb2e8820485855d0b18b2ad18c7c839cf06f8c
ilboursa,"L’UIB, primée Meilleure Banque en Tunisie par le magazine The Banker",2019-12-20,2ccb2e8820485855d0b18b2ad18c7c839cf06f8c
economist_tunisia_economy,Any Chinese curbs on Taiwan’s trade would carry big economic costs,2025-05-01,2cfefb852b15eafa2e76f5c7e3e3792f6f61c0f1
economist_tunisia_all,Any Chinese curbs on Taiwan’s trade would carry big economic costs,2025-05-01,2cfefb852b15eafa2e76f5c7e3e3792f6f61c0f1
economist_tunisia_all,Sequins,2015-02-09,2d01732fe0c943b2611acc0839818cd39dadf88b
economist_tunisia_economy,Sequins,2015-02-09,2d01732fe0c943b2611acc0839818cd39dadf88b
economist_tunisia_economy,Background music,2013-12-03,2d9065fbc9a4759ea31a46686fab3e1523598d3a
economist_tunisia_all,Background music,2013-12-03,2d9065fbc9a4759ea31a46686fab3e1523598d3a
leconomistmaghrebin,Quelle serait l’évolution du dollar américain sous Trump ?,2025-02-10,2f360a5fa9594559f6e18798f53aa22964f5923f
ilboursa,Quelle serait l’évolution du dollar américain sous Trump ?,2025-02-11,2f360a5fa9594559f6e18798f53aa22964f5923f
economist_tunisia_all,Why American bondholders are jumpy about inflation,2025-09-10,2f5b7b8dab1ea32d148134cd36e524d690952e0a
economist_tunisia_economy,Why American bondholders are jumpy about inflation,2025-09-10,2f5b7b8dab1ea32d148134cd36e524d690952e0a
economist_tunisia_all,One reason for the absence of peace,2007-10-11,2f6091a630e3b943c46c6e6ebdaac2ab29cc672b
economist_tunisia_economy,One reason for the absence of peace,2007-10-11,2f6091a630e3b943c46c6e6ebdaac2ab29cc672b
economist_tunisia_economy,China has launched a huge free-trade experiment,2026-02-01,2f68a4e7f547cc796e4d42aa386fd3e1e32d518b
economist_tunisia_all,China has launched a huge free-trade experiment,2026-02-01,2f68a4e7f547cc796e4d42aa386fd3e1e32d518b
economist_tunisia_economy,Tropical blues,2000-04-27,2f97ceb5e55fcff87d8d7ec9045c194f4dc1bb44
economist_tunisia_all,Tropical blues,2000-04-27,2f97ceb5e55fcff87d8d7ec9045c194f4dc1bb44
economist_tunisia_economy,Steelyard blues,2026-08-27,2fd171df2f0f86e7919170498c4915c9d48ec1e4
economist_tunisia_all,Steelyard blues,2026-08-27,2fd171df2f0f86e7919170498c4915c9d48ec1e4
economist_tunisia_all,Donald Trump’s tariffs on Brazil are more bark than bite,2025-08-08,303c4257f6e8773be553d8fb9d6560766c7f2d46
economist_tunisia_economy,Donald Trump’s tariffs on Brazil are more bark than bite,2025-08-08,303c4257f6e8773be553d8fb9d6560766c7f2d46
economist_tunisia_all,The extraordinary rise of Miami’s economy,2026-08-31,3067416fc062dc51b7dfb35ec77cae3d2c86e7cb
economist_tunisia_economy,The extraordinary rise of Miami’s economy,2026-08-31,3067416fc062dc51b7dfb35ec77cae3d2c86e7cb
economist_tunisia_all,Which country is the biggest loser from the energy shock?,2026-03-19,30e5e024e8897e598ea22014957642201aa9dcb1
economist_tunisia_economy,Which country is the biggest loser from the energy shock?,2026-03-19,30e5e024e8897e598ea22014957642201aa9dcb1
economist_tunisia_all,How high could global inflation go?,2026-03-23,31a2aa4cf325eafd579185f05f8e756861b2c35f
economist_tunisia_economy,How high could global inflation go?,2026-03-23,31a2aa4cf325eafd579185f05f8e756861b2c35f
economist_tunisia_all,Does Japan have a “foreigner problem”?,2026-01-08,31b7ea1d501bea6b17b4430ff0cd1b28b7ed9c40
economist_tunisia_economy,Does Japan have a “foreigner problem”?,2026-01-08,31b7ea1d501bea6b17b4430ff0cd1b28b7ed9c40
economist_tunisia_economy,Independence Jay? Inflation and attacks on the Fed,2026-01-14,31e412b1539a9f32e42ab1ff42d55ba2285d3243
economist_tunisia_all,Independence Jay? Inflation and attacks on the Fed,2026-01-14,31e412b1539a9f32e42ab1ff42d55ba2285d3243
leconomistmaghrebin,L’inflation aux États-Unis est-elle sous contrôle ?,2024-12-22,31f65c4d7c7fc2622b6c61fb30e6707bab4b2809
ilboursa,L’inflation aux États-Unis est-elle sous contrôle ?,2024-12-22,31f65c4d7c7fc2622b6c61fb30e6707bab4b2809
economist_tunisia_all,Luring partners and yet more debt: Mexico’s energy plan,2025-09-04,3213285d58ea61f8bfd25a665d949b53be0426ef
economist_tunisia_economy,Luring partners and yet more debt: Mexico’s energy plan,2025-09-04,3213285d58ea61f8bfd25a665d949b53be0426ef
economist_tunisia_all,The central banker's bogeyman,2012-05-18,321d146faf0da6b7d04f9cae4c93a341bf7fa71a
economist_tunisia_economy,The central banker's bogeyman,2012-05-18,321d146faf0da6b7d04f9cae4c93a341bf7fa71a
economist_tunisia_economy,How lower American interest rates will boost Africa,2024-09-26,326fb7d2a6b34ebc5e0e6a9c67d8930b20eebcb2
economist_tunisia_all,How lower American interest rates will boost Africa,2024-09-26,326fb7d2a6b34ebc5e0e6a9c67d8930b20eebcb2
economist_tunisia_economy,Britain’s post-Brexit trade policy is slowly maturing,2022-02-26,33124a99f7d3e44039910e626f65d2afa7c03315
economist_tunisia_all,Britain’s post-Brexit trade policy is slowly maturing,2022-02-26,33124a99f7d3e44039910e626f65d2afa7c03315
kapitalis,"2021, une année de distinctions pour Amen Bank",2022-01-19,331e1359121ce2b16150f48b39cada3afcc5acfa
leconomistmaghrebin,"2021, une année de distinctions pour AMEN BANK",2022-01-19,331e1359121ce2b16150f48b39cada3afcc5acfa
leconomistmaghrebin,Les conditions financières mondiales devraient rester tendues à moyen terme,2024-04-21,332c986d1c741c6823c296db6c2b6392e5b74f22
ilboursa,Les conditions financières mondiales devraient rester tendues à moyen terme,2024-04-21,332c986d1c741c6823c296db6c2b6392e5b74f22
economist_tunisia_economy,Does Donald Trump make Latin America a good bet?,2026-06-14,3356582efbcf81844a2efd89e9d4882938f37c21
economist_tunisia_all,Does Donald Trump make Latin America a good bet?,2026-06-14,3356582efbcf81844a2efd89e9d4882938f37c21
economist_tunisia_economy,Business as usual?,2000-04-20,33b408671760d3202ef17966242528f07cd4f0c5
economist_tunisia_all,Business as usual?,2000-04-20,33b408671760d3202ef17966242528f07cd4f0c5
economist_tunisia_economy,Fair is foul and foul is fair,2013-03-25,33fb2652a0ba4e04e490f108979b80c6aa847a71
economist_tunisia_all,Fair is foul and foul is fair,2013-03-25,33fb2652a0ba4e04e490f108979b80c6aa847a71
economist_tunisia_economy,China is training up thousands of humanoid robots,2026-08-23,3406ea930517e106d9cb29c105243e8d3c1b967b
economist_tunisia_all,China is training up thousands of humanoid robots,2026-08-23,3406ea930517e106d9cb29c105243e8d3c1b967b
ilboursa,La Bourse de Tunis débute la semaine dans le rouge,2018-01-15,340f52d0778adc9987b44c64a3253dc6b34bf511
kapitalis,La Bourse de Tunis débute la semaine dans le rouge,2015-07-27,340f52d0778adc9987b44c64a3253dc6b34bf511
ilboursa,La Bourse de Tunis débute la semaine dans le rouge,2017-11-13,340f52d0778adc9987b44c64a3253dc6b34bf511
ilboursa,La Bourse de Tunis débute la semaine dans le rouge,2018-10-01,340f52d0778adc9987b44c64a3253dc6b34bf511
ilboursa,La Bourse de Tunis débute la semaine dans le rouge,2019-04-08,340f52d0778adc9987b44c64a3253dc6b34bf511
ilboursa,La Bourse de Tunis débute la semaine dans le rouge,2014-12-08,340f52d0778adc9987b44c64a3253dc6b34bf511
ilboursa,La Bourse de Tunis débute la semaine dans le rouge,2019-04-29,340f52d0778adc9987b44c64a3253dc6b34bf511
ilboursa,La Bourse de Tunis débute la semaine dans le rouge,2016-05-30,340f52d0778adc9987b44c64a3253dc6b34bf511
ilboursa,La Bourse de Tunis débute la semaine dans le rouge,2016-04-25,340f52d0778adc9987b44c64a3253dc6b34bf511
ilboursa,La Bourse de Tunis débute la semaine dans le rouge,2016-10-17,340f52d0778adc9987b44c64a3253dc6b34bf511
ilboursa,La Bourse de Tunis débute la semaine dans le rouge,2014-04-28,340f52d0778adc9987b44c64a3253dc6b34bf511
ilboursa,La Bourse de Tunis débute la semaine dans le rouge,2017-04-10,340f52d0778adc9987b44c64a3253dc6b34bf511
ilboursa,La Bourse de Tunis débute la semaine dans le rouge,2021-05-31,340f52d0778adc9987b44c64a3253dc6b34bf511
ilboursa,La Bourse de Tunis débute la semaine dans le rouge,2014-01-06,340f52d0778adc9987b44c64a3253dc6b34bf511
ilboursa,La Bourse de Tunis débute la semaine dans le rouge,2014-03-03,340f52d0778adc9987b44c64a3253dc6b34bf511
economist_tunisia_economy,The IMF tells Argentina’s creditors some harsh truths,2020-02-27,343d1868f8c7f7e9ad09ab037da75290d1ffcdf4
economist_tunisia_all,The IMF tells Argentina’s creditors some harsh truths,2020-02-27,343d1868f8c7f7e9ad09ab037da75290d1ffcdf4
economist_tunisia_all,AI has taken over the stock market. The bond market is next,2026-07-07,348fb25294acf0d6f4fed980ea345c1223ac6f8f
economist_tunisia_economy,AI has taken over the stock market. The bond market is next,2026-07-07,348fb25294acf0d6f4fed980ea345c1223ac6f8f
economist_tunisia_economy,"Growth in emerging markets, Tunisia’s crisis and Ireland’s dry bars",2021-08-02,349dde4b595b04acdb23e44660ab9b36cf85c4a9
economist_tunisia_all,"Growth in emerging markets, Tunisia’s crisis and Ireland’s dry bars",2021-08-02,349dde4b595b04acdb23e44660ab9b36cf85c4a9
economist_tunisia_economy,No strings attached,2008-10-23,34e63c93fe2c50852eb9c9ad969dccc4cebf518e
economist_tunisia_all,No strings attached,2008-10-23,34e63c93fe2c50852eb9c9ad969dccc4cebf518e
economist_tunisia_all,The meaning of China’s record-high trade surplus,2025-12-10,352622f6c508175c34ca31373d83b829c166d0ac
economist_tunisia_economy,The meaning of China’s record-high trade surplus,2025-12-10,352622f6c508175c34ca31373d83b829c166d0ac
economist_tunisia_economy,Sharia do like it,2013-04-30,359e8100b19a512722c0ae48b8f9191b3b9eb23d
economist_tunisia_all,Sharia do like it,2013-04-30,359e8100b19a512722c0ae48b8f9191b3b9eb23d
economist_tunisia_all,Soaring bond yields threaten trouble,2025-05-25,360ca1c0c86daa6e6d4ca41b95e64f6224cd145d
economist_tunisia_economy,Soaring bond yields threaten trouble,2025-05-25,360ca1c0c86daa6e6d4ca41b95e64f6224cd145d
economist_tunisia_all,The EU wants to unshackle its economy. For real this time,2026-05-04,367dccd1f0990d8138f82b5615be61c8f3833f10
economist_tunisia_economy,The EU wants to unshackle its economy. For real this time,2026-05-04,367dccd1f0990d8138f82b5615be61c8f3833f10
ilboursa,La Bourse de Tunis renoue avec la hausse,2016-08-24,36ae9fd91742171682babde2e6c42fd672afb508
leconomistmaghrebin,La Bourse de Tunis renoue avec la hausse,2016-07-02,36ae9fd91742171682babde2e6c42fd672afb508
ilboursa,La Bourse de Tunis renoue avec la hausse,2014-11-12,36ae9fd91742171682babde2e6c42fd672afb508
ilboursa,La Bourse de Tunis renoue avec la hausse,2014-06-24,36ae9fd91742171682babde2e6c42fd672afb508
economist_tunisia_economy,Thousands of Gazans are stranded in Israel and the West Bank,2023-11-09,36b892c8ce071c5330aa0c48963ad216cd2eda86
economist_tunisia_all,Thousands of Gazans are stranded in Israel and the West Bank,2023-11-09,36b892c8ce071c5330aa0c48963ad216cd2eda86
ilboursa,Quelle est l’ampleur des déséquilibres extérieurs liés aux États-Unis ?,2025-05-20,36c79823f724ad1f5dc1b3abb30346fad92f27e2
ilboursa,Quelle est l’ampleur des déséquilibres extérieurs liés aux États-Unis ?,2025-05-06,36c79823f724ad1f5dc1b3abb30346fad92f27e2
leconomistmaghrebin,Quelle est l’ampleur des déséquilibres extérieurs liés aux États-Unis ?,2025-05-05,36c79823f724ad1f5dc1b3abb30346fad92f27e2
economist_tunisia_all,What is causing the global bond sell-off?,2026-09-08,372f9f081e5cb328081f22af4d6d357f6a5bea87
economist_tunisia_economy,What is causing the global bond sell-off?,2026-09-08,372f9f081e5cb328081f22af4d6d357f6a5bea87
economist_tunisia_economy,Tunisia needs help if it is to remain a model for the Arab world,2018-01-18,373f218a1b6c601ac5760f365c4470aa3c4374ca
economist_tunisia_all,Tunisia needs help if it is to remain a model for the Arab world,2018-01-18,373f218a1b6c601ac5760f365c4470aa3c4374ca
economist_tunisia_economy,"Be happy, and shut up",1998-01-29,37771a847f220ba3de622bb46da8bed784f6c244
economist_tunisia_all,"Be happy, and shut up",1998-01-29,37771a847f220ba3de622bb46da8bed784f6c244
economist_tunisia_economy,A sorry story of American trade,2011-09-19,3825aa16fa27bef074dde7bb0071cb8f6b6ad17c
economist_tunisia_all,A sorry story of American trade,2011-09-19,3825aa16fa27bef074dde7bb0071cb8f6b6ad17c
economist_tunisia_all,Is China’s debt-bomb squad about to blow up?,2026-08-13,3906f5fdfa0c2ae1b4e66dca16545c537f5ede9a
economist_tunisia_economy,Is China’s debt-bomb squad about to blow up?,2026-08-13,3906f5fdfa0c2ae1b4e66dca16545c537f5ede9a
economist_tunisia_all,Perilous migrant crossings of the Mediterranean are rising,2023-06-20,3930334fbbf22d22463d69b555bcbd1f4922db29
economist_tunisia_economy,Perilous migrant crossings of the Mediterranean are rising,2023-06-20,3930334fbbf22d22463d69b555bcbd1f4922db29
economist_tunisia_economy,Rebranding Australia,2008-05-08,39bb50468920fba853580995f63db1e049769411
economist_tunisia_all,Rebranding Australia,2008-05-08,39bb50468920fba853580995f63db1e049769411
economist_tunisia_all,A Smithsonian in the sand,2010-12-29,3a4caa5cd47e0738b61480313b4ba4eece3a5d57
economist_tunisia_economy,A Smithsonian in the sand,2010-12-29,3a4caa5cd47e0738b61480313b4ba4eece3a5d57
economist_tunisia_all,Germans are growing cold on the debt brake,2025-01-23,3ac9b9ad5460308a3051bbc9dfd018bd60b3146a
economist_tunisia_economy,Germans are growing cold on the debt brake,2025-01-23,3ac9b9ad5460308a3051bbc9dfd018bd60b3146a
leconomistmaghrebin,La Bourse de Tunis clôture la semaine dans le rouge,2018-12-22,3af6fd983a1d46c4d920450a5fcf98025fe99463
ilboursa,La Bourse de Tunis clôture la semaine dans le rouge,2016-05-27,3af6fd983a1d46c4d920450a5fcf98025fe99463
economist_tunisia_economy,"Stanley Fischer mixed rigour and realism, compassion and calm",2025-06-05,3b8308f63d7a968b6bd60afc8a56c904877d5c04
economist_tunisia_all,"Stanley Fischer mixed rigour and realism, compassion and calm",2025-06-05,3b8308f63d7a968b6bd60afc8a56c904877d5c04
leconomistmaghrebin,La Fondation Arts et Culture by UIB : un soutien actif à l’animation de la vie culturelle,2024-07-08,3bacb1c44d55f042733d8e5786b49aa760e6b2fb
ilboursa,La Fondation Arts et Culture by UIB : Un soutien actif à l’animation de la vie culturelle,2024-07-07,3bacb1c44d55f042733d8e5786b49aa760e6b2fb
economist_tunisia_all,Seeking price stability,2010-04-14,3c1a40f479e5305271c15f6de6df018fc042e92f
economist_tunisia_economy,Seeking price stability,2010-04-14,3c1a40f479e5305271c15f6de6df018fc042e92f
economist_tunisia_all,A wave of unrest is coming. Here’s how to avert some of it,2022-06-23,3c357da6121f9f0bd1f3e2f1ae1514031494010c
economist_tunisia_economy,A wave of unrest is coming. Here’s how to avert some of it,2022-06-23,3c357da6121f9f0bd1f3e2f1ae1514031494010c
economist_tunisia_economy,Mali's Islamist fighters and land tenure in Kenya,2012-09-20,3c4a48abfcaf7504e5ba7aa6e30b20332f596d4c
economist_tunisia_all,Mali's Islamist fighters and land tenure in Kenya,2012-09-20,3c4a48abfcaf7504e5ba7aa6e30b20332f596d4c
kapitalis,La Biat classée parmi les banques africaines à fort impact régional,2020-07-23,3cc63537f4ac419219f2d94cb7941a16fea20d3e
ilboursa,La BIAT classée parmi les banques africaines à fort impact régional,2020-07-23,3cc63537f4ac419219f2d94cb7941a16fea20d3e
economist_tunisia_economy,Look out below,2010-05-19,3d0d42eb8be12ab5849abc4460cb14401a669a86
economist_tunisia_all,Look out below,2010-05-19,3d0d42eb8be12ab5849abc4460cb14401a669a86
economist_tunisia_all,South Africa is at risk of becoming a mafia state,2026-09-14,3d184dc9690501f4d04c5d138b33cd666bb19c0b
economist_tunisia_economy,South Africa is at risk of becoming a mafia state,2026-09-14,3d184dc9690501f4d04c5d138b33cd666bb19c0b
economist_tunisia_all,Poor corporate governance is impeding the Indian economy,2026-06-23,3d5a38f282feda8001c35b0bf1f25165df59c9ac
economist_tunisia_economy,Poor corporate governance is impeding the Indian economy,2026-06-23,3d5a38f282feda8001c35b0bf1f25165df59c9ac
economist_tunisia_economy,Are emerging economies on the verge of another “lost decade”?,2022-08-10,3d862b96d6d16371153621e6a70265873150aa7e
economist_tunisia_all,Are emerging economies on the verge of another “lost decade”?,2022-08-10,3d862b96d6d16371153621e6a70265873150aa7e
economist_tunisia_economy,Turkey’s economic plan to win from the Iran war,2026-06-29,3da3589f3f3c01ffbab41b3777c72b6e97046373
economist_tunisia_all,Turkey’s economic plan to win from the Iran war,2026-06-29,3da3589f3f3c01ffbab41b3777c72b6e97046373
economist_tunisia_economy,Shifting sands,2013-11-20,3de68a560277b4ec5b21c0522a0227d673bebfdb
economist_tunisia_all,Shifting sands,2013-11-20,3de68a560277b4ec5b21c0522a0227d673bebfdb
economist_tunisia_economy,Egypt chose a looser lockdown. Its economy is still in crisis,2020-05-23,3e43f8984b951e164661e694c050fc4cc3efa534
economist_tunisia_all,Egypt chose a looser lockdown. Its economy is still in crisis,2020-05-23,3e43f8984b951e164661e694c050fc4cc3efa534
ilboursa,Le Club Afrique Développement du groupe Attijariwafa bank lance les AfricaDev Sessions,2020-07-29,3e56f0ccd7b4338ac68a5a6af42ba4271dd00734
kapitalis,Le Club Afrique Développement du groupe Attijariwafa bank lance les AfricaDev Sessions,2020-07-30,3e56f0ccd7b4338ac68a5a6af42ba4271dd00734
economist_tunisia_all,Could the Israel-Hamas war trigger unrest across the Arab world?,2023-11-02,3f282c2b38b30c4a853f3f01ed93b629e6a304b4
economist_tunisia_economy,Could the Israel-Hamas war trigger unrest across the Arab world?,2023-11-02,3f282c2b38b30c4a853f3f01ed93b629e6a304b4
economist_tunisia_all,The best way to see Hong Kong is on its trams,2026-01-15,4003003210acc2fca22308532f35ff85ce6b7d03
economist_tunisia_economy,The best way to see Hong Kong is on its trams,2026-01-15,4003003210acc2fca22308532f35ff85ce6b7d03
economist_tunisia_economy,America’s startup boom offers hope for the future of work,2026-07-30,401eee7689d689100a449e342121ca94ef9d324e
economist_tunisia_all,America’s startup boom offers hope for the future of work,2026-07-30,401eee7689d689100a449e342121ca94ef9d324e
economist_tunisia_economy,British business has failed to make its voice heard,2026-08-13,411956d888b93a8793d6cfb86e4f7cfd5345753e
economist_tunisia_all,British business has failed to make its voice heard,2026-08-13,411956d888b93a8793d6cfb86e4f7cfd5345753e
economist_tunisia_all,"However you measure it, China’s job market is weak",2026-08-20,41465da14f866e0b976d6b7ba8653ec655d24c7d
economist_tunisia_economy,"However you measure it, China’s job market is weak",2026-08-20,41465da14f866e0b976d6b7ba8653ec655d24c7d
economist_tunisia_all,Labour will struggle to placate Britain’s angry graduates,2026-04-16,41ad2ca5b88eeb6dc41a34a5a85f20e03357d2b2
economist_tunisia_economy,Labour will struggle to placate Britain’s angry graduates,2026-04-16,41ad2ca5b88eeb6dc41a34a5a85f20e03357d2b2
economist_tunisia_economy,Mapping China’s holiday rush,2026-02-26,4202c6f140a293142b36ad8b09903e9ca388b7aa
economist_tunisia_all,Mapping China’s holiday rush,2026-02-26,4202c6f140a293142b36ad8b09903e9ca388b7aa
leconomistmaghrebin,BNA Assurances entame une nouvelle étape stratégique,2025-07-04,4213b19452c8a7837019e5206f1ad0435c0f7d80
ilboursa,BNA Assurances entame une nouvelle étape stratégique,2025-07-03,4213b19452c8a7837019e5206f1ad0435c0f7d80
economist_tunisia_economy,Bad faith,2002-06-06,421beef6005b7d1879cc769a345f13ce146928bb
economist_tunisia_all,Bad faith,2002-06-06,421beef6005b7d1879cc769a345f13ce146928bb
economist_tunisia_all,Why China’s central bank won’t save the country from deflation,2026-02-12,43378b384584e4c8fb487fb22b615a0109f6ef01
economist_tunisia_economy,Why China’s central bank won’t save the country from deflation,2026-02-12,43378b384584e4c8fb487fb22b615a0109f6ef01
economist_tunisia_economy,Neoclouds like CoreWeave are getting much bigger—and riskier,2026-09-03,43806917c5e1fb7ce0030a24599d81149c7fb70b
economist_tunisia_all,Neoclouds like CoreWeave are getting much bigger—and riskier,2026-09-03,43806917c5e1fb7ce0030a24599d81149c7fb70b
economist_tunisia_all,How Milei made Argentina deserving of an IMF bail-out,2025-04-03,43e4998c9afe53c0832f1520d6a29920d0862638
economist_tunisia_economy,How Milei made Argentina deserving of an IMF bail-out,2025-04-03,43e4998c9afe53c0832f1520d6a29920d0862638
leconomistmaghrebin,Le Japon est-il enfin sorti de son long « piège déflationniste » ?,2025-04-08,441a98bd541aef0641caaaad99eb67e0839ad73e
ilboursa,Le Japon est-il enfin sorti de son long « piège déflationniste » ?,2025-04-08,441a98bd541aef0641caaaad99eb67e0839ad73e
economist_tunisia_all,The world’s balance-sheet is out of kilter with its economy,2026-07-23,446453eee1b8110457ed815ac14a3da4f74bad66
economist_tunisia_economy,The world’s balance-sheet is out of kilter with its economy,2026-07-23,446453eee1b8110457ed815ac14a3da4f74bad66
leconomistmaghrebin,Tunisie : Baisse du déficit de la balance commerciale industrielle,2018-07-13,449976f985c660b04254e86316aa387f5bcab8a0
kapitalis,Tunisie : baisse du déficit de la balance commerciale industrielle,2023-09-28,449976f985c660b04254e86316aa387f5bcab8a0
economist_tunisia_economy,War is only the starkest way that politics is disrupting tourism,2026-03-19,452e9ecebf9e2f9670fc11c9197d8b495beeff30
economist_tunisia_all,War is only the starkest way that politics is disrupting tourism,2026-03-19,452e9ecebf9e2f9670fc11c9197d8b495beeff30
economist_tunisia_economy,The World Bank defends its controversial report on industrial policy,2026-04-27,45db1998ca84bed6f3468a24ebb1db8944e2bd1a
economist_tunisia_all,The World Bank defends its controversial report on industrial policy,2026-04-27,45db1998ca84bed6f3468a24ebb1db8944e2bd1a
economist_tunisia_economy,The disaster that didn't happen,2003-08-14,45f2bc0630fdcd8201052d1d4e9293f1b3c40de9
economist_tunisia_all,The disaster that didn't happen,2003-08-14,45f2bc0630fdcd8201052d1d4e9293f1b3c40de9
economist_tunisia_economy,Transatlantic fights over war budgets are nothing new,2025-03-27,461c26e7fdcdd31eb6f318606a509666faa8748c
economist_tunisia_all,Transatlantic fights over war budgets are nothing new,2025-03-27,461c26e7fdcdd31eb6f318606a509666faa8748c
kapitalis,Orange Tunisie lance la 4G à Béja,2016-04-14,46230376d6a46ed08ea50294fcc176f76c8b48bf
ilboursa,Orange Tunisie lance la 4G à Béja,2016-04-15,46230376d6a46ed08ea50294fcc176f76c8b48bf
economist_tunisia_all,Jobless and angry,2012-12-04,46386c36bf0b40999f2acb061f6034fcfc295f17
economist_tunisia_economy,Jobless and angry,2012-12-04,46386c36bf0b40999f2acb061f6034fcfc295f17
ilboursa,La BNA se mobilise pour le paiement des aides sociales,2021-08-30,46d369a55b13aca5f9cc8da259864c678aef7aaa
kapitalis,La BNA se mobilise pour le paiement des aides sociales,2021-08-28,46d369a55b13aca5f9cc8da259864c678aef7aaa
economist_tunisia_economy,How SK Hynix became the king of advanced memory chips,2026-07-16,46fb4263e01dbadbd5c5713c57d985ed7a249310
economist_tunisia_all,How SK Hynix became the king of advanced memory chips,2026-07-16,46fb4263e01dbadbd5c5713c57d985ed7a249310
economist_tunisia_economy,Could Japan bring down the world economy?,2026-08-18,4765833f851dd2a80f0ebb7bd3cf26afbc76e3db
economist_tunisia_all,Could Japan bring down the world economy?,2026-08-18,4765833f851dd2a80f0ebb7bd3cf26afbc76e3db
economist_tunisia_economy,Why get an MBA when you can watch a sports documentary?,2026-09-02,4780aec3bad9fff1a928ff4c57e921d519581ad5
economist_tunisia_all,Why get an MBA when you can watch a sports documentary?,2026-09-02,4780aec3bad9fff1a928ff4c57e921d519581ad5
economist_tunisia_economy,Pennies from heaven,2013-10-12,47d7e8662dcade85ec667a8d8988960c9a02c0ec
economist_tunisia_all,Pennies from heaven,2013-10-12,47d7e8662dcade85ec667a8d8988960c9a02c0ec
economist_tunisia_all,Imagining a world without a safe asset,2026-06-01,48625876aaa3e015752ff11412fd3cac7471c9bb
economist_tunisia_economy,Imagining a world without a safe asset,2026-06-01,48625876aaa3e015752ff11412fd3cac7471c9bb
economist_tunisia_economy,The moral panic over data centres is foolish,2026-09-03,4882d7a8495a5fc3cc06c14d360266e292c8a4b1
economist_tunisia_all,The moral panic over data centres is foolish,2026-09-03,4882d7a8495a5fc3cc06c14d360266e292c8a4b1
economist_tunisia_all,Javier Milei’s liberal experiment is struggling,2026-09-07,4898fec43d26aa3de85dcd56b5d8c2524064ba76
economist_tunisia_economy,Javier Milei’s liberal experiment is struggling,2026-09-07,4898fec43d26aa3de85dcd56b5d8c2524064ba76
economist_tunisia_economy,"Dear Joanna, let's be flexible",2013-02-13,48f05ad04ec4920f1ff7fc5729b668c8bdff0d10
economist_tunisia_all,"Dear Joanna, let's be flexible",2013-02-13,48f05ad04ec4920f1ff7fc5729b668c8bdff0d10
economist_tunisia_all,The unexpected lesson of Ghana’s 17th IMF bail-out,2022-08-11,49c47e1e3dd55b2d575baffdab5e04273f6cd669
economist_tunisia_economy,The unexpected lesson of Ghana’s 17th IMF bail-out,2022-08-11,49c47e1e3dd55b2d575baffdab5e04273f6cd669
economist_tunisia_all,Why America’s Treasury market needs a fix,2026-06-11,4a18edd7ab3c0cdf0b023fd28703e73416860c5a
economist_tunisia_economy,Why America’s Treasury market needs a fix,2026-06-11,4a18edd7ab3c0cdf0b023fd28703e73416860c5a
economist_tunisia_all,Don’t mention the debt,2013-05-04,4a54c322975c3a7e55638c65bd39ce2616ec6162
economist_tunisia_economy,Don’t mention the debt,2013-05-04,4a54c322975c3a7e55638c65bd39ce2616ec6162
economist_tunisia_all,Investors in Situational Awareness deserved to lose their shirts,2026-08-04,4aee28dd59a8b125cbb332a174f003f318b0e7ea
economist_tunisia_economy,Investors in Situational Awareness deserved to lose their shirts,2026-08-04,4aee28dd59a8b125cbb332a174f003f318b0e7ea
economist_tunisia_economy,Putting the free in free trade,2011-02-22,4b0e2b2046bbf6541d992e8e8e587701bd55d5de
economist_tunisia_all,Putting the free in free trade,2011-02-22,4b0e2b2046bbf6541d992e8e8e587701bd55d5de
economist_tunisia_all,Does Europe need to play America and China at their own trade game?,2026-05-12,4b58a768cb040b5dca02b422a29825958774c68e
economist_tunisia_economy,Does Europe need to play America and China at their own trade game?,2026-05-12,4b58a768cb040b5dca02b422a29825958774c68e
economist_tunisia_all,Ivy League universities are on a debt binge,2025-08-13,4b59487a35d220ff1fbeb6cd113309599c9c4fc8
economist_tunisia_economy,Ivy League universities are on a debt binge,2025-08-13,4b59487a35d220ff1fbeb6cd113309599c9c4fc8
economist_tunisia_all,Saudi Arabia’s tourism ambitions,2024-07-11,4bda882528a19302ce56cf2f6ba35fe4198568c2
economist_tunisia_economy,Saudi Arabia’s tourism ambitions,2024-07-11,4bda882528a19302ce56cf2f6ba35fe4198568c2
economist_tunisia_all,Doubling up,2009-02-17,4beaf7df7098ba171d01600ddae5d7236e2e6798
economist_tunisia_economy,Doubling up,2009-02-17,4beaf7df7098ba171d01600ddae5d7236e2e6798
economist_tunisia_economy,The importance of being in earnest,2008-06-26,4c059b23773547305c4e12b3e65235ef455ed1f1
economist_tunisia_all,The importance of being in earnest,2008-06-26,4c059b23773547305c4e12b3e65235ef455ed1f1
leconomistmaghrebin,La BIAT inaugure sa nouvelle salle des marchés,2022-06-02,4c1a25af53cb604aa2cad7fd72436bf578a368c3
ilboursa,La BIAT inaugure sa nouvelle Salle des Marchés,2022-06-03,4c1a25af53cb604aa2cad7fd72436bf578a368c3
kapitalis,La Biat inaugure sa nouvelle salle des marchés,2022-06-04,4c1a25af53cb604aa2cad7fd72436bf578a368c3
economist_tunisia_economy,A rising tide,2015-07-20,4c428d110f8d209da0c59aeb1715ca4fc64faf39
economist_tunisia_all,A rising tide,2015-07-20,4c428d110f8d209da0c59aeb1715ca4fc64faf39
economist_tunisia_economy,Right to roam,2011-04-18,4c7a641ebc63e92fd064eb01aa1a0ec2ef40001a
economist_tunisia_all,Right to roam,2011-04-18,4c7a641ebc63e92fd064eb01aa1a0ec2ef40001a
economist_tunisia_all,Run for the exits,2011-03-08,4db5b6e40eb6d389d8b211c8e813b510c76cb664
economist_tunisia_economy,Run for the exits,2011-03-08,4db5b6e40eb6d389d8b211c8e813b510c76cb664
economist_tunisia_economy,Can AI save tourists from the TikTok herd?,2026-08-13,4e4876930ea5012afa7123d7f2927d0ce1f28a05
economist_tunisia_all,Can AI save tourists from the TikTok herd?,2026-08-13,4e4876930ea5012afa7123d7f2927d0ce1f28a05
economist_tunisia_all,Forget Airbus and Boeing. Embraer is soaring,2026-07-30,4e9501896a0462e6146bf7825a28d8ae8d148bfa
economist_tunisia_economy,Forget Airbus and Boeing. Embraer is soaring,2026-07-30,4e9501896a0462e6146bf7825a28d8ae8d148bfa
economist_tunisia_all,Arab governments are putting more taxes on the poor,2022-04-09,4e9ec6a896dd039446935a6884fdaa78b0ccfebd
economist_tunisia_economy,Arab governments are putting more taxes on the poor,2022-04-09,4e9ec6a896dd039446935a6884fdaa78b0ccfebd
kapitalis,Corse Composites Aéronautiques renforce sa présence industrielle en Tunisie,2019-07-09,4eaa7fcd89e0312a1daf32e4e9156ba45e116ced
ilboursa,Corse Composites Aéronautiques renforce sa présence industrielle en Tunisie,2019-07-10,4eaa7fcd89e0312a1daf32e4e9156ba45e116ced
economist_tunisia_all,Tunisia’s election features fed-up voters and bizarre candidates,2019-09-12,4ece3c43782a2120b5d1758cb0f44de06ec298ab
economist_tunisia_economy,Tunisia’s election features fed-up voters and bizarre candidates,2019-09-12,4ece3c43782a2120b5d1758cb0f44de06ec298ab
ilboursa,La BERD et Attijari bank Tunisie renforcent leur partenariat de partage des risques,2026-08-28,4ed1f1ca6d21b2527882e5cada133d6c131ea34b
lapresse,La BERD et Attijari bank Tunisie renforcent leur partenariat de partage des risques,2026-08-28,4ed1f1ca6d21b2527882e5cada133d6c131ea34b
economist_tunisia_all,"Months after electing a centrist president, Bolivia boils over",2026-05-21,4f0875babcbc75e581f7f954c282788e0f6d6b2a
economist_tunisia_economy,"Months after electing a centrist president, Bolivia boils over",2026-05-21,4f0875babcbc75e581f7f954c282788e0f6d6b2a
economist_tunisia_economy,An obituary for the Drexel generation,2026-08-26,4f5eb64a4c3aac0ecc6856c13865a0b659473ff3
economist_tunisia_all,An obituary for the Drexel generation,2026-08-26,4f5eb64a4c3aac0ecc6856c13865a0b659473ff3
ilboursa,"BHMPAY, la toute nouvelle solution de paiement mobile de BH Bank",2022-06-21,4f73ebdbdaef63a0a8210418373dc70fdd0b7921
leconomistmaghrebin,"BHMPAY, la toute nouvelle solution de paiement mobile de BH Bank",2022-06-22,4f73ebdbdaef63a0a8210418373dc70fdd0b7921
economist_tunisia_all,"Take that, covid! “Revenge” tourism takes off",2022-11-14,4f8865aeb4c1bcd0f2391d5794aff9e1c5c38924
economist_tunisia_economy,"Take that, covid! “Revenge” tourism takes off",2022-11-14,4f8865aeb4c1bcd0f2391d5794aff9e1c5c38924
economist_tunisia_all,Why Labour’s growth mission remains grounded,2025-09-25,4f9b3792c07dffda0fb35eb470405067805c4cca
economist_tunisia_economy,Why Labour’s growth mission remains grounded,2025-09-25,4f9b3792c07dffda0fb35eb470405067805c4cca
economist_tunisia_economy,Hong Kong’s looted Chinese antiquities,2026-08-18,4fa413a5ebccf4a744ddcd4dbaa604e24ef55c6c
economist_tunisia_all,Hong Kong’s looted Chinese antiquities,2026-08-18,4fa413a5ebccf4a744ddcd4dbaa604e24ef55c6c
economist_tunisia_economy,Nothing to see here,2016-08-13,500e5b5264e4a8f313e646e0db2861015eed8aee
economist_tunisia_all,Nothing to see here,2016-08-13,500e5b5264e4a8f313e646e0db2861015eed8aee
economist_tunisia_economy,Has the world economy been saved by this pipeline?,2026-04-16,50b06263abef877b8cc0c37d2ddc63d3278f3f87
economist_tunisia_all,Has the world economy been saved by this pipeline?,2026-04-16,50b06263abef877b8cc0c37d2ddc63d3278f3f87
economist_tunisia_all,On the road,2001-08-02,50c3b36050fcba3037cee475ff123cd38c18fcc9
economist_tunisia_economy,On the road,2001-08-02,50c3b36050fcba3037cee475ff123cd38c18fcc9
economist_tunisia_all,Cuba’s broken economy leaves it at Donald Trump’s mercy,2026-03-19,50e2729cc31da01231a81e185281f6258433b3ae
economist_tunisia_economy,Cuba’s broken economy leaves it at Donald Trump’s mercy,2026-03-19,50e2729cc31da01231a81e185281f6258433b3ae
economist_tunisia_economy,Joseph Stiglitz and Martín Guzmán on how to ease developing countries’ debt woes,2025-06-20,50f50840a78c92681dcb3b1f17879714d2d13df8
economist_tunisia_all,Joseph Stiglitz and Martín Guzmán on how to ease developing countries’ debt woes,2025-06-20,50f50840a78c92681dcb3b1f17879714d2d13df8
economist_tunisia_economy,African countries are souring on the dollar,2026-08-06,511b37d95c8ae7a8bb9301616d83d6eb2d505476
economist_tunisia_all,African countries are souring on the dollar,2026-08-06,511b37d95c8ae7a8bb9301616d83d6eb2d505476
economist_tunisia_economy,The spontaneous combustion theory of inflation,2014-06-26,51a74da9705fb9961a59869a292eaf4150216be2
economist_tunisia_all,The spontaneous combustion theory of inflation,2014-06-26,51a74da9705fb9961a59869a292eaf4150216be2
economist_tunisia_economy,A crash in tourism leaves Japanese deer ravenous for treats,2020-12-03,523a04552d758ae78a69d88a3f83d6d2588cb4f3
economist_tunisia_all,A crash in tourism leaves Japanese deer ravenous for treats,2020-12-03,523a04552d758ae78a69d88a3f83d6d2588cb4f3
economist_tunisia_all,An Asian IMF?,1997-09-25,52456ac3584cd28e5aba85ae1a960990d3bafa79
economist_tunisia_economy,An Asian IMF?,1997-09-25,52456ac3584cd28e5aba85ae1a960990d3bafa79
economist_tunisia_all,The tariffs that just won’t die,2026-07-22,5249ab25c9b1438f22c06abe59370a3a8da0aa49
economist_tunisia_economy,The tariffs that just won’t die,2026-07-22,5249ab25c9b1438f22c06abe59370a3a8da0aa49
economist_tunisia_all,A reckoning has begun for corporate debt monsters,2022-09-27,52b694228dc6fbac5d582b1fa5ad56ba1fdbf2a1
economist_tunisia_economy,A reckoning has begun for corporate debt monsters,2022-09-27,52b694228dc6fbac5d582b1fa5ad56ba1fdbf2a1
economist_tunisia_all,Investors fear another surge in inflation,2026-05-19,52c04df5c59c332388bf17765ffe9b0d4e494911
economist_tunisia_economy,Investors fear another surge in inflation,2026-05-19,52c04df5c59c332388bf17765ffe9b0d4e494911
ilboursa,HAYETT Assurances dévoile sa nouvelle identité visuelle,2026-01-29,52ff2c13bfa502f808cd6f12b4def925c356eb3c
lapresse,Hayett Assurances dévoile sa nouvelle identité visuelle,2026-01-29,52ff2c13bfa502f808cd6f12b4def925c356eb3c
lapresse,La BIAT pilote un financement syndiqué de 90 millions de dinars au profit de Advans Tunisie,2026-07-22,53003db0bf9731745fc526d6f872983e361e2691
ilboursa,La BIAT pilote un financement syndiqué de 90 millions de dinars au profit de Advans Tunisie,2026-07-22,53003db0bf9731745fc526d6f872983e361e2691
economist_tunisia_all,A glimmering of hope,2004-03-18,53c6976a2c3b92d8c0348fe1be47ef819771ad53
economist_tunisia_economy,A glimmering of hope,2004-03-18,53c6976a2c3b92d8c0348fe1be47ef819771ad53
leconomistmaghrebin,Que peut-on attendre du plan de relance économique chinois ?,2024-10-27,555f777e2eea15efeeea0a6b1a8b738f7dc3a16a
ilboursa,Que peut-on attendre du plan de relance économique chinois ?,2024-10-27,555f777e2eea15efeeea0a6b1a8b738f7dc3a16a
economist_tunisia_all,Wage-price spirals have two spiraling components,2011-04-19,5590b5cee3f723519e18889de3069130e385ae8a
economist_tunisia_economy,Wage-price spirals have two spiraling components,2011-04-19,5590b5cee3f723519e18889de3069130e385ae8a
economist_tunisia_all,China is now the world’s great oil power,2026-08-09,55910f42bc819a390e6ea7e78a398517fdec6b0c
economist_tunisia_economy,China is now the world’s great oil power,2026-08-09,55910f42bc819a390e6ea7e78a398517fdec6b0c
economist_tunisia_all,The Arab spring: ten years on,2020-12-18,55cb4f8b19838e53711f4151e573d85b62147683
economist_tunisia_economy,The Arab spring: ten years on,2020-12-18,55cb4f8b19838e53711f4151e573d85b62147683
economist_tunisia_economy,Patrick Drahi has bested his lenders yet again,2025-12-04,55cdff7ed87d88216c7ce50f23842112e5cac295
economist_tunisia_all,Patrick Drahi has bested his lenders yet again,2025-12-04,55cdff7ed87d88216c7ce50f23842112e5cac295
economist_tunisia_all,Is inflation on the way?,2011-03-14,5623d15d95e926bd0022af93bb29d296745b16f4
economist_tunisia_economy,Is inflation on the way?,2011-03-14,5623d15d95e926bd0022af93bb29d296745b16f4
economist_tunisia_economy,"The Fed may not get inflation down to 2%, says Richard Clarida",2023-04-04,5665d2ee3c1398183f37043b14e4adaa219bf5ee
economist_tunisia_all,"The Fed may not get inflation down to 2%, says Richard Clarida",2023-04-04,5665d2ee3c1398183f37043b14e4adaa219bf5ee
economist_tunisia_economy,Americans are losing their appetite for fast food,2026-08-06,56cd6a4f8cfbbe8190d06f5f7844dd0e6ae231e9
economist_tunisia_all,Americans are losing their appetite for fast food,2026-08-06,56cd6a4f8cfbbe8190d06f5f7844dd0e6ae231e9
economist_tunisia_all,Golden years,2006-05-11,56f5af20822604ad2bca78f7c040ec0a2b744dde
economist_tunisia_economy,Golden years,2006-05-11,56f5af20822604ad2bca78f7c040ec0a2b744dde
economist_tunisia_economy,Africa’s other debt crisis,2025-11-20,571ae35588586d036ad03c07d9d2a008aef9f038
economist_tunisia_all,Africa’s other debt crisis,2025-11-20,571ae35588586d036ad03c07d9d2a008aef9f038
economist_tunisia_all,Travel and Tourism,2014-11-13,571ff47c5bb8b8edbec94d3140e25d328d23afe9
economist_tunisia_economy,Travel and Tourism,2014-11-13,571ff47c5bb8b8edbec94d3140e25d328d23afe9
economist_tunisia_economy,Travel and tourism,2013-11-18,571ff47c5bb8b8edbec94d3140e25d328d23afe9
economist_tunisia_all,Travel and tourism,2013-11-18,571ff47c5bb8b8edbec94d3140e25d328d23afe9
economist_tunisia_all,China has wrested control of oil markets from OPEC,2026-08-13,573036706378bfb7b7c12dcd78d7ddbb9000885f
economist_tunisia_economy,China has wrested control of oil markets from OPEC,2026-08-13,573036706378bfb7b7c12dcd78d7ddbb9000885f
economist_tunisia_all,When obeying an American law means breaking a Chinese one,2026-08-27,573de28c7909bf73386f5272f9f96f58e9102c80
economist_tunisia_economy,When obeying an American law means breaking a Chinese one,2026-08-27,573de28c7909bf73386f5272f9f96f58e9102c80
economist_tunisia_economy,Britain’s privatised utilities are a mess,2026-06-09,57b33221269deb38a18371998aa7d648992c1ed4
economist_tunisia_all,Britain’s privatised utilities are a mess,2026-06-09,57b33221269deb38a18371998aa7d648992c1ed4
leconomistmaghrebin,Assemblées Générales de l’UBCI : des fondamentaux solides et une stratégie en marche,2026-04-29,57c237f21f11348f43d409b81eb3e309ba11d868
ilboursa,Assemblées Générales de l’UBCI : Des fondamentaux solides et une stratégie en marche,2026-04-29,57c237f21f11348f43d409b81eb3e309ba11d868
economist_tunisia_all,Beware the top-heavy economy,2026-07-06,57d42794404c363adf1cf5b5a5eef537af9ed43e
economist_tunisia_economy,Beware the top-heavy economy,2026-07-06,57d42794404c363adf1cf5b5a5eef537af9ed43e
economist_tunisia_all,Several oil-importing Arab states face debt crises in 2023,2022-11-18,57e8a2bee5ba1d0a199e7f47e0fbf6841ec7be2d
economist_tunisia_economy,Several oil-importing Arab states face debt crises in 2023,2022-11-18,57e8a2bee5ba1d0a199e7f47e0fbf6841ec7be2d
economist_tunisia_economy,Home security,2014-03-28,5801ce42ac0473adeb2e50e345aacc9ded1c1d60
economist_tunisia_all,Home security,2014-03-28,5801ce42ac0473adeb2e50e345aacc9ded1c1d60
economist_tunisia_all,"Ripples, spreading",2011-02-10,580a3360b347b4d9a5e9d0446b624bd4b10d37d2
economist_tunisia_economy,"Ripples, spreading",2011-02-10,580a3360b347b4d9a5e9d0446b624bd4b10d37d2
economist_tunisia_economy,The five stages of debt grief,2011-04-05,5868ee4be656f93e93a83daa59e8e31390600666
economist_tunisia_all,The five stages of debt grief,2011-04-05,5868ee4be656f93e93a83daa59e8e31390600666
economist_tunisia_all,How the Alternative for Germany would govern,2026-08-31,5878429dad7c9ae6257d4840e4fe23a081d272af
economist_tunisia_economy,How the Alternative for Germany would govern,2026-08-31,5878429dad7c9ae6257d4840e4fe23a081d272af
ilboursa,Participation réussie au Salon « Maskan Expo » à Paris pour la BTK Bank,2023-03-13,5917ba43daee3e727e1de30145188c30a8972f39
leconomistmaghrebin,Participation réussie au Salon « Maskan Expo » à Paris pour la BTK Bank,2023-03-13,5917ba43daee3e727e1de30145188c30a8972f39
leconomistmaghrebin,La Chine devrait faire preuve de résilience face aux chocs du commerce mondial,2025-06-22,596671731ee0829505937dd0ac45ecca61637449
ilboursa,La Chine devrait faire preuve de résilience face aux chocs du commerce mondial,2025-06-22,596671731ee0829505937dd0ac45ecca61637449
economist_tunisia_economy,How work makes families more equal,2026-09-03,59b47eefccd7e9aaf0c75261e87a1279d58eed37
economist_tunisia_all,How work makes families more equal,2026-09-03,59b47eefccd7e9aaf0c75261e87a1279d58eed37
economist_tunisia_all,The Bank of England’s eyes and ears,2026-03-26,59f280576b9859299230670a7d3f11a6b76d3ae2
economist_tunisia_economy,The Bank of England’s eyes and ears,2026-03-26,59f280576b9859299230670a7d3f11a6b76d3ae2
economist_tunisia_economy,Private equity is coming for the Indian Premier League,2026-07-30,5a10a246ae42eabba3d5a84d7287efee175fae28
economist_tunisia_all,Private equity is coming for the Indian Premier League,2026-07-30,5a10a246ae42eabba3d5a84d7287efee175fae28
economist_tunisia_all,Does China have the fiscal firepower to rescue its economy?,2025-01-09,5b168d44bd4c678d9b282ffce61215fe49d05f22
economist_tunisia_economy,Does China have the fiscal firepower to rescue its economy?,2025-01-09,5b168d44bd4c678d9b282ffce61215fe49d05f22
economist_tunisia_economy,To Japan on the very cheap,2011-10-12,5b8de2b506ce6652ee02b16cf0c6b03793f8b056
economist_tunisia_all,To Japan on the very cheap,2011-10-12,5b8de2b506ce6652ee02b16cf0c6b03793f8b056
economist_tunisia_economy,Costly food and energy are fostering global unrest,2022-06-23,5bd3bdcf6ff2bbd3f920ccc62da92b0d2d67b440
economist_tunisia_all,Costly food and energy are fostering global unrest,2022-06-23,5bd3bdcf6ff2bbd3f920ccc62da92b0d2d67b440
economist_tunisia_economy,It's Mostly Firing,2008-02-07,5c3621bb73bc2a21187d6b08fe9e9f69f2e1dd6d
economist_tunisia_all,It's Mostly Firing,2008-02-07,5c3621bb73bc2a21187d6b08fe9e9f69f2e1dd6d
economist_tunisia_economy,Truce story: (a sketch of) a Trump-Xi trade deal,2025-10-31,5c36e2af00e50320f009f011046817a16d0b1818
economist_tunisia_all,Truce story: (a sketch of) a Trump-Xi trade deal,2025-10-31,5c36e2af00e50320f009f011046817a16d0b1818
economist_tunisia_economy,The high cost of phantom tollbooths,2026-08-20,5ca54c94402b803ecae968e0874395f72edf6adc
economist_tunisia_all,The high cost of phantom tollbooths,2026-08-20,5ca54c94402b803ecae968e0874395f72edf6adc
ilboursa,Les arguments en faveur de baisses de taux plus prononcées par la BCE se renforcent,2024-11-03,5d05ca40cafbc5a4043e819cadec3f482640bd65
leconomistmaghrebin,Les arguments en faveur de baisses de taux plus prononcées par la BCE se renforcent,2024-11-03,5d05ca40cafbc5a4043e819cadec3f482640bd65
economist_tunisia_economy,Where tourism goes next,2008-05-15,5d13c2107b8f74d5925dff293213cffc4adbd9be
economist_tunisia_all,Where tourism goes next,2008-05-15,5d13c2107b8f74d5925dff293213cffc4adbd9be
ilboursa,Le Fonds africain de développement lève un montant historique de 11 milliards de dollars,2025-12-17,5d6b5a1655e7032308f19cfa500eaa160b0b52d8
lapresse,Le Fonds africain de développement lève un montant historique de 11 milliards de dollars,2025-12-17,5d6b5a1655e7032308f19cfa500eaa160b0b52d8
economist_tunisia_economy,An African politician and an adviser say their continent needs a debt deal that rewards reform,2025-10-01,5d71fa389b0f9fa0f9716a8d4d049c9be315252a
economist_tunisia_all,An African politician and an adviser say their continent needs a debt deal that rewards reform,2025-10-01,5d71fa389b0f9fa0f9716a8d4d049c9be315252a
ilboursa,La BIAT émet un emprunt obligataire subordonné de 100 millions de dinars,2025-11-07,5e5a02fa72a302a11aa9ff30eace906f66372cfd
leconomistmaghrebin,La BIAT émet un emprunt obligataire subordonné de 100 millions de dinars,2020-10-19,5e5a02fa72a302a11aa9ff30eace906f66372cfd
ilboursa,La BIAT émet un emprunt obligataire subordonné de 100 millions de dinars,2023-07-04,5e5a02fa72a302a11aa9ff30eace906f66372cfd
economist_tunisia_all,The Hundred’s big-city revolution is reviving an old county-cricket tradition,2026-08-16,5e95d3c54d2c8971af05d2a659f5d86106d05d0b
economist_tunisia_economy,The Hundred’s big-city revolution is reviving an old county-cricket tradition,2026-08-16,5e95d3c54d2c8971af05d2a659f5d86106d05d0b
economist_tunisia_economy,Supersizing the fund,2009-02-05,5f0c916f6596da0953ab4c35c382af89cbb8c3ad
economist_tunisia_all,Supersizing the fund,2009-02-05,5f0c916f6596da0953ab4c35c382af89cbb8c3ad
economist_tunisia_all,A portrait of Russia after Stalin,2017-01-03,5f1e8ecbb224146a7358d58100abf55467d68a19
economist_tunisia_economy,A portrait of Russia after Stalin,2017-01-03,5f1e8ecbb224146a7358d58100abf55467d68a19
kapitalis,Lancement du nouveau système d’exploitation portuaire TOS au port de Radès,2019-11-12,5f4dc0446a599e9929eda5b31efb5172a58a6836
ilboursa,Lancement du nouveau système d’exploitation portuaire TOS au port de Radès,2019-11-11,5f4dc0446a599e9929eda5b31efb5172a58a6836
leconomistmaghrebin,AMI Assurances se donne les moyens de ses ambitions et annonce l’augmentation de son capital,2021-09-21,5fb4af8c4e3eb69b3f42f859649912d73e84ce56
ilboursa,AMI Assurances se donne les moyens de ses ambitions et annonce l’augmentation de son capital,2021-09-21,5fb4af8c4e3eb69b3f42f859649912d73e84ce56
economist_tunisia_economy,Can Kevin Warsh’s Fed force 5 reimagine monetary policymaking?,2026-07-16,5fd09dc42aa07dff0c32434d77ce58b49bbe3341
economist_tunisia_all,Can Kevin Warsh’s Fed force 5 reimagine monetary policymaking?,2026-07-16,5fd09dc42aa07dff0c32434d77ce58b49bbe3341
leconomistmaghrebin,WIFAK BANK renforce sa présence dans le Sud Tunisien,2017-09-07,5ffd98166aaa40c92a0b51395024e078b0717b44
ilboursa,WIFAK BANK renforce sa présence dans le Sud tunisien,2017-09-07,5ffd98166aaa40c92a0b51395024e078b0717b44
economist_tunisia_economy,Xi Jinping swings his “assassin’s mace” of economic warfare,2025-02-06,602fc838d08d9366b91c79ec3fe70b39922314f3
economist_tunisia_all,Xi Jinping swings his “assassin’s mace” of economic warfare,2025-02-06,602fc838d08d9366b91c79ec3fe70b39922314f3
economist_tunisia_economy,Will AI lower interest rates?,2026-06-25,611ff8e06403cb237f66229c14c2a4d82ac11c6d
economist_tunisia_all,Will AI lower interest rates?,2026-06-25,611ff8e06403cb237f66229c14c2a4d82ac11c6d
ilboursa,BTK Bank dégage un résultat bénéficiaire pour la première fois depuis 2015,2023-09-29,614e0c7649335bb8b4cbfc4475ebfb17b33bcb34
leconomistmaghrebin,BTK Bank dégage un résultat bénéficiaire pour la première fois depuis 2015,2023-09-29,614e0c7649335bb8b4cbfc4475ebfb17b33bcb34
economist_tunisia_all,"Across the rich world, fiscal crises loom",2025-10-13,61687e6f910517efb0fae8ba230da9c0c083bea2
economist_tunisia_economy,"Across the rich world, fiscal crises loom",2025-10-13,61687e6f910517efb0fae8ba230da9c0c083bea2
economist_tunisia_economy,China is innovative. Its economy is a mess. Which matters more?,2026-06-08,617fa81c8de8da17e82208e420dd26fc48330909
economist_tunisia_all,China is innovative. Its economy is a mess. Which matters more?,2026-06-08,617fa81c8de8da17e82208e420dd26fc48330909
leconomistmaghrebin,La Bourse de Tunis termine la semaine en légère hausse,2018-11-24,61b10cbfc7eac1aa1dcdeb41f0c6210ef91a612c
ilboursa,La Bourse de Tunis termine la semaine en légère hausse,2017-09-08,61b10cbfc7eac1aa1dcdeb41f0c6210ef91a612c
ilboursa,La Bourse de Tunis termine la semaine en légère hausse,2014-12-26,61b10cbfc7eac1aa1dcdeb41f0c6210ef91a612c
economist_tunisia_all,What the world’s most famous bookshop reveals about culture,2026-08-27,6227b03d61e6cb6158532b31f861283d8cffad9c
economist_tunisia_economy,What the world’s most famous bookshop reveals about culture,2026-08-27,6227b03d61e6cb6158532b31f861283d8cffad9c
economist_tunisia_economy,Outward bound,2006-06-22,625863e820c357b69256d930f2d8dc1b5f237a96
economist_tunisia_all,Outward bound,2006-06-22,625863e820c357b69256d930f2d8dc1b5f237a96
leconomistmaghrebin,La BH Bank confirme le maintien de sa certification AML 30000,2025-10-24,627d4a059bb4cb3a7a399f1f65b57e0a7ae63c3e
lapresse,La BH BANK confirme le maintien de sa certification AML 30000,2025-10-27,627d4a059bb4cb3a7a399f1f65b57e0a7ae63c3e
economist_tunisia_economy,Open the gates,2010-08-12,6287edf16d1d8eee3b109e168c37c636b21ae2ac
economist_tunisia_all,Open the gates,2010-08-12,6287edf16d1d8eee3b109e168c37c636b21ae2ac
ilboursa,La Bourse de Tunis lance son nouveau site web,2026-04-14,633c8fb4268947db52f5a369150b24115e75460f
lapresse,La Bourse de Tunis lance son nouveau site web,2026-04-14,633c8fb4268947db52f5a369150b24115e75460f
ilboursa,Le dollar américain est-il trop fort ?,2022-10-25,6342e85ac4f763af1b227d463ef162a3bc83bc47
leconomistmaghrebin,Le dollar américain est-il trop fort ?,2022-10-23,6342e85ac4f763af1b227d463ef162a3bc83bc47
ilboursa,A quel point les perspectives de croissance de la zone euro sont-elles sombres ?,2023-01-09,6354ffea94f608c9621c8bca80a899a98519a281
leconomistmaghrebin,A quel point les perspectives de croissance de la zone euro sont-elles sombres ?,2023-01-09,6354ffea94f608c9621c8bca80a899a98519a281
economist_tunisia_economy,"The Fed delivers another jumbo rate rise, and it’s far from done",2022-11-02,63720ec56d171392909fb451adefc469bc389498
economist_tunisia_all,"The Fed delivers another jumbo rate rise, and it’s far from done",2022-11-02,63720ec56d171392909fb451adefc469bc389498
economist_tunisia_economy,"From protein to matcha, food fads spread faster than ever",2026-09-03,6387bd77c5173629456db67e8c4ab4313f3da4c6
economist_tunisia_all,"From protein to matcha, food fads spread faster than ever",2026-09-03,6387bd77c5173629456db67e8c4ab4313f3da4c6
leconomistmaghrebin,Attijari bank annonce un PNB de 488 millions de dinars en 2020,2021-01-26,63a438d4783f6187930df97d69093b7fa7c3b9a1
ilboursa,Attijari bank annonce un PNB de 488 millions de dinars en 2020,2021-01-26,63a438d4783f6187930df97d69093b7fa7c3b9a1
economist_tunisia_all,Israeli settler violence in the West Bank is rising,2026-04-24,63c1397951d86a46c40412fe501b8143178c168c
economist_tunisia_economy,Israeli settler violence in the West Bank is rising,2026-04-24,63c1397951d86a46c40412fe501b8143178c168c
economist_tunisia_economy,Kevin Warsh’s coming U-turn,2026-06-15,63d7a32608853a2bb4d792554cf6827e45b8ad65
economist_tunisia_all,Kevin Warsh’s coming U-turn,2026-06-15,63d7a32608853a2bb4d792554cf6827e45b8ad65
economist_tunisia_all,Reaganomics brought growth we can only dream of today,2026-06-02,647bb8630a163b651be691933fda8af1218b861f
economist_tunisia_economy,Reaganomics brought growth we can only dream of today,2026-06-02,647bb8630a163b651be691933fda8af1218b861f
economist_tunisia_all,Reciprocal tariffs really mean chaos for global trade,2025-02-19,648ff8e155e622f770703a3b167111dc532a0523
economist_tunisia_economy,Reciprocal tariffs really mean chaos for global trade,2025-02-19,648ff8e155e622f770703a3b167111dc532a0523
kapitalis,La Biat lance sa nouvelle solution digitale MyBiat Corporate,2024-10-02,64c8c5e2fa59dd7da353775bf50a3e65e4fbcd6a
ilboursa,La BIAT lance sa nouvelle solution digitale MyBIAT Corporate,2024-10-02,64c8c5e2fa59dd7da353775bf50a3e65e4fbcd6a
economist_tunisia_all,"Maybe scientific progress isn’t slowing, after all",2026-08-12,64dff6db58a1175857bf894d84feea840a1e12f9
economist_tunisia_economy,"Maybe scientific progress isn’t slowing, after all",2026-08-12,64dff6db58a1175857bf894d84feea840a1e12f9
kapitalis,Alpha Hyundai Motor organise sa convention réseau 2022,2022-04-02,6606f445d81ad35c53416da940eabc41f798fb35
ilboursa,Alpha Hyundai Motor organise sa Convention Réseau 2022,2022-04-01,6606f445d81ad35c53416da940eabc41f798fb35
economist_tunisia_economy,Middle East Dispatch: The return of the Gulf war,2026-09-02,66333286cb7b5244cc8b4fef2f3ad854129ac0c2
economist_tunisia_all,Middle East Dispatch: The return of the Gulf war,2026-09-02,66333286cb7b5244cc8b4fef2f3ad854129ac0c2
economist_tunisia_all,Reform UK tries to get serious,2026-08-20,667f3d9271e8a2e90ed9b21e6d2aa9268dc0afd4
economist_tunisia_economy,Reform UK tries to get serious,2026-08-20,667f3d9271e8a2e90ed9b21e6d2aa9268dc0afd4
economist_tunisia_economy,Christine Lagarde’s sober tone on the Gulf war energy shock,2026-03-26,66993941a1f2cfc91614fbcc762a41621ffab996
economist_tunisia_all,Christine Lagarde’s sober tone on the Gulf war energy shock,2026-03-26,66993941a1f2cfc91614fbcc762a41621ffab996
economist_tunisia_all,Are falling prices good news?,2012-01-19,66a13a659b2e8417913dddeae9655b96129a5e43
economist_tunisia_economy,Are falling prices good news?,2012-01-19,66a13a659b2e8417913dddeae9655b96129a5e43
economist_tunisia_economy,Senegal’s government denies the gravity of its debt crisis,2026-04-01,66cf808bc057f8a2368943b707eb78efc11b5ff7
economist_tunisia_all,Senegal’s government denies the gravity of its debt crisis,2026-04-01,66cf808bc057f8a2368943b707eb78efc11b5ff7
economist_tunisia_all,Why so many Chinese are drowning in debt,2025-07-07,66d667d14b5a8dcfad9dc6e6c31b0380c17893df
economist_tunisia_economy,Why so many Chinese are drowning in debt,2025-07-07,66d667d14b5a8dcfad9dc6e6c31b0380c17893df
economist_tunisia_all,Why is Japan souring on foreign workers and tourists?,2026-01-05,67317292245058f9b5f7e54221d887754037b106
economist_tunisia_economy,Why is Japan souring on foreign workers and tourists?,2026-01-05,67317292245058f9b5f7e54221d887754037b106
economist_tunisia_all,Time for UN intervention?,2003-10-30,67faa633e25706dfa61fa020828fed17e55321a5
economist_tunisia_economy,Time for UN intervention?,2003-10-30,67faa633e25706dfa61fa020828fed17e55321a5
leconomistmaghrebin,Les économies de l’ASEAN-6 peuvent-elles résister aux nouvelles guerres tarifaires ?,2025-03-09,688ac08602369acedf596e5c06ec9a98c0013f61
ilboursa,Les économies de l’ASEAN-6 peuvent-elles résister aux nouvelles guerres tarifaires ?,2025-03-09,688ac08602369acedf596e5c06ec9a98c0013f61
economist_tunisia_economy,Trade or Taiwan? Trump and Xi struggle to set the terms,2026-05-14,68eb6d06570f512aed4aa21b807a6db2ee450880
economist_tunisia_all,Trade or Taiwan? Trump and Xi struggle to set the terms,2026-05-14,68eb6d06570f512aed4aa21b807a6db2ee450880
ilboursa,La Bourse de Tunis termine la semaine dans le rouge,2018-08-10,691aa8e4e9bedc56e1069a0d0e790a43992cc28d
kapitalis,La Bourse de Tunis termine la semaine dans le rouge,2016-09-11,691aa8e4e9bedc56e1069a0d0e790a43992cc28d
ilboursa,La Bourse de Tunis termine la semaine dans le rouge,2018-09-21,691aa8e4e9bedc56e1069a0d0e790a43992cc28d
ilboursa,La Bourse de Tunis termine la semaine dans le rouge,2014-04-11,691aa8e4e9bedc56e1069a0d0e790a43992cc28d
ilboursa,La Bourse de Tunis termine la semaine dans le rouge,2015-03-13,691aa8e4e9bedc56e1069a0d0e790a43992cc28d
ilboursa,La Bourse de Tunis termine la semaine dans le rouge,2023-03-10,691aa8e4e9bedc56e1069a0d0e790a43992cc28d
ilboursa,La Bourse de Tunis termine la semaine dans le rouge,2015-05-29,691aa8e4e9bedc56e1069a0d0e790a43992cc28d
ilboursa,La Bourse de Tunis termine la semaine dans le rouge,2017-04-14,691aa8e4e9bedc56e1069a0d0e790a43992cc28d
ilboursa,La Bourse de Tunis termine la semaine dans le rouge,2017-09-15,691aa8e4e9bedc56e1069a0d0e790a43992cc28d
economist_tunisia_all,Germany cannot afford to wait to relax its debt brake,2024-11-20,692bad21b2f6df439a180cb8d813b5a4f8c25ea8
economist_tunisia_economy,Germany cannot afford to wait to relax its debt brake,2024-11-20,692bad21b2f6df439a180cb8d813b5a4f8c25ea8
economist_tunisia_all,Could Donald Trump save Cuba’s economy?,2026-05-27,693b1cac108ceb5be3909997a9035ad71c2d537b
economist_tunisia_economy,Could Donald Trump save Cuba’s economy?,2026-05-27,693b1cac108ceb5be3909997a9035ad71c2d537b
economist_tunisia_economy,Don’t fear China’s trillion-dollar trade surplus,2025-12-11,695374b3aa14acaf7c27644b8515767dfc8f2837
economist_tunisia_all,Don’t fear China’s trillion-dollar trade surplus,2025-12-11,695374b3aa14acaf7c27644b8515767dfc8f2837
economist_tunisia_all,"The serious, rivalrous business of Chinese barbecue",2026-09-03,695ea95f0557d487561a3ee009aff8ea2f2c6414
economist_tunisia_economy,"The serious, rivalrous business of Chinese barbecue",2026-09-03,695ea95f0557d487561a3ee009aff8ea2f2c6414
economist_tunisia_economy,More debt rankings,2010-02-02,6afcece169a082e92348610e5249c410ffacf628
economist_tunisia_all,More debt rankings,2010-02-02,6afcece169a082e92348610e5249c410ffacf628
economist_tunisia_economy,Why is sociology the hate-piñata of the social sciences?,2026-08-24,6b3c810bb074371e191bf017220142d605e0ab40
economist_tunisia_all,Why is sociology the hate-piñata of the social sciences?,2026-08-24,6b3c810bb074371e191bf017220142d605e0ab40
economist_tunisia_economy,Dealing with gilt,2000-03-02,6b773e2b28635a5a08ee667230d86ee40e8ed59e
economist_tunisia_all,Dealing with gilt,2000-03-02,6b773e2b28635a5a08ee667230d86ee40e8ed59e
economist_tunisia_all,Keeping a big debt down,2011-05-03,6c2254fa2927dcf6fd78b95133f465a5b4bad17f
economist_tunisia_economy,Keeping a big debt down,2011-05-03,6c2254fa2927dcf6fd78b95133f465a5b4bad17f
economist_tunisia_all,The Economist's coverage of the Middle East,2011-03-10,6c304620fa87037397007006889de2f31ba09311
economist_tunisia_economy,The Economist's coverage of the Middle East,2011-03-10,6c304620fa87037397007006889de2f31ba09311
economist_tunisia_economy,World debt,2010-08-24,6c55bbf34f017e26277e0a8a6183179bee6785ea
economist_tunisia_all,World debt,2010-08-24,6c55bbf34f017e26277e0a8a6183179bee6785ea
economist_tunisia_all,Ahmed al-Sharaa is quashing Syria’s vast captagon trade,2026-07-09,6c678e9f40971955cc47c7d507d75fe618a80fa7
economist_tunisia_economy,Ahmed al-Sharaa is quashing Syria’s vast captagon trade,2026-07-09,6c678e9f40971955cc47c7d507d75fe618a80fa7
economist_tunisia_all,Who wants to relax on holiday?,2026-05-14,6c6e0ce9f4f7d12db7fd5225da80f70ecae0ea8d
economist_tunisia_economy,Who wants to relax on holiday?,2026-05-14,6c6e0ce9f4f7d12db7fd5225da80f70ecae0ea8d
economist_tunisia_economy,Trump’s trade victims are shrugging off his attacks,2025-08-20,6d0881a1dd093f197f88231198d3f3be686884bf
economist_tunisia_all,Trump’s trade victims are shrugging off his attacks,2025-08-20,6d0881a1dd093f197f88231198d3f3be686884bf
economist_tunisia_all,Lessons for Lebanon from its struggling neighbours,2020-02-20,6d15c65eb7fc986d7dd0f7fc48622b03023ff890
economist_tunisia_economy,Lessons for Lebanon from its struggling neighbours,2020-02-20,6d15c65eb7fc986d7dd0f7fc48622b03023ff890
ilboursa,"En 2023, QNB Tunisia redresse la barre de ses indicateurs de performance",2024-04-22,6ded14a81596216a72c7b01916b98650c071c2b1
leconomistmaghrebin,"En 2023, QNB Tunisia redresse la barre de ses indicateurs de performance",2024-04-22,6ded14a81596216a72c7b01916b98650c071c2b1
economist_tunisia_all,Transitional injustice: Syria one year after Assad,2025-12-08,6df3283810f4024d3ec21a3934952a91be1121f1
economist_tunisia_economy,Transitional injustice: Syria one year after Assad,2025-12-08,6df3283810f4024d3ec21a3934952a91be1121f1
economist_tunisia_economy,"Break the taboos propping up unsustainable debt, pleads a former central banker",2024-08-28,6e7cec4462b8e23f46eeeac4f3356cc5da08a8c6
economist_tunisia_all,"Break the taboos propping up unsustainable debt, pleads a former central banker",2024-08-28,6e7cec4462b8e23f46eeeac4f3356cc5da08a8c6
economist_tunisia_economy,Violent Islamist groups are gaining strength in Africa,2018-07-17,6f145f4b9eb2a3c8e10ecb4371a12ad6da191ecd
economist_tunisia_all,Violent Islamist groups are gaining strength in Africa,2018-07-17,6f145f4b9eb2a3c8e10ecb4371a12ad6da191ecd
economist_tunisia_economy,Trade,,6f3eb703dcabcb060c034ad28d635d086e1b4019
economist_tunisia_all,Trade,,6f3eb703dcabcb060c034ad28d635d086e1b4019
economist_tunisia_economy,Will Tunisia's revolution spread?,2011-01-16,6fe34718288bc3714153d9b73c285b9861f2d572
economist_tunisia_all,Will Tunisia's revolution spread?,2011-01-16,6fe34718288bc3714153d9b73c285b9861f2d572
ilboursa,Calendrier fiscal 2017 : Les dates à retenir,2017-01-13,6febae8ace7cb89722bef82c05e518c50af96ada
leconomistmaghrebin,Calendrier fiscal 2017 : les dates à retenir,2017-01-13,6febae8ace7cb89722bef82c05e518c50af96ada
economist_tunisia_all,Javier Milei is in serious trouble,2026-05-05,6ff00921c4a6bf5c4daf5361b10b01f45229bf04
economist_tunisia_economy,Javier Milei is in serious trouble,2026-05-05,6ff00921c4a6bf5c4daf5361b10b01f45229bf04
economist_tunisia_all,Has the World Bank performed a U-turn on industrial policy?,2026-04-23,6fffb43b301d1e97f75fca80aac1d1b96710f1eb
economist_tunisia_economy,Has the World Bank performed a U-turn on industrial policy?,2026-04-23,6fffb43b301d1e97f75fca80aac1d1b96710f1eb
economist_tunisia_all,British politicians want a manufacturing jobs boom,2026-08-27,70217738ff50a0f9193a5856e9bc918ed2ae411e
economist_tunisia_economy,British politicians want a manufacturing jobs boom,2026-08-27,70217738ff50a0f9193a5856e9bc918ed2ae411e
economist_tunisia_all,American inflation looks increasingly worrying,2025-02-18,70292673d8ee174ec9eb30858a015819b6b36b62
economist_tunisia_economy,American inflation looks increasingly worrying,2025-02-18,70292673d8ee174ec9eb30858a015819b6b36b62
ilboursa,L’UIB certifiée ISO/IEC 27001:2013 activité SGSS,2022-09-06,7044c216945d90c261559934840344a20b072421
leconomistmaghrebin,L’UIB certifiée ISO/IEC 27001:2013 activité SGSS,2022-09-06,7044c216945d90c261559934840344a20b072421
leconomistmaghrebin,Qu’est-ce qui se cache derrière une croissance économique mondiale stable ?,2024-11-17,707257a035f00355333e883a84c3e713a8090e49
ilboursa,Qu’est-ce qui se cache derrière une croissance économique mondiale stable ?,2024-11-17,707257a035f00355333e883a84c3e713a8090e49
economist_tunisia_all,Taking stock of America’s flagship trade programme for Africa,2023-02-09,70bc9d750b5c8f2b5b9e9c127d690c1c55f46fcc
economist_tunisia_economy,Taking stock of America’s flagship trade programme for Africa,2023-02-09,70bc9d750b5c8f2b5b9e9c127d690c1c55f46fcc
economist_tunisia_economy,The war on data centres is a bit fake,2026-08-19,70dcfa58c8af968dc407a7420e48707524137433
economist_tunisia_all,The war on data centres is a bit fake,2026-08-19,70dcfa58c8af968dc407a7420e48707524137433
economist_tunisia_economy,Getting around Uncle Sam,2015-01-29,70fdbc544413bb54f746a7c527efbc73b9bb845a
economist_tunisia_all,Getting around Uncle Sam,2015-01-29,70fdbc544413bb54f746a7c527efbc73b9bb845a
economist_tunisia_all,Back to the badlands,2008-08-14,7152ec6afff6c5f0079f4f0d5c945247e237f6c0
economist_tunisia_economy,Back to the badlands,2008-08-14,7152ec6afff6c5f0079f4f0d5c945247e237f6c0
economist_tunisia_economy,Trump’s brutal tariffs far outstrip any he has imposed before,2025-02-02,715567e8be6c7dd8cbe585bf813104be28baf41c
economist_tunisia_all,Trump’s brutal tariffs far outstrip any he has imposed before,2025-02-02,715567e8be6c7dd8cbe585bf813104be28baf41c
economist_tunisia_economy,Abebe Aemro Selassie on Africa’s brutal funding squeeze,2023-05-18,7245ba2aab20b4a069d0759c7e5178b43c738f5c
economist_tunisia_all,Abebe Aemro Selassie on Africa’s brutal funding squeeze,2023-05-18,7245ba2aab20b4a069d0759c7e5178b43c738f5c
leconomistmaghrebin,BNA Assurances obtient le visa du CMF,2025-08-07,728120707c9d2714bb3f1b8d4eb0c112024703e6
lapresse,BNA Assurances obtient le visa du CMF,2025-08-07,728120707c9d2714bb3f1b8d4eb0c112024703e6
leconomistmaghrebin,L’ATB lance un accompagnement exclusif aux TPME en partenariat avec Espace Finance,2022-04-22,728dd0a3ba0ad695cc21b7305e6c97051a99d327
ilboursa,L’ATB lance un accompagnement exclusif aux TPME en partenariat avec Espace Finance,2022-04-25,728dd0a3ba0ad695cc21b7305e6c97051a99d327
economist_tunisia_economy,All together now?,2010-10-09,72b86ef75eda3acf0375025675b55a4998c55bec
economist_tunisia_all,All together now?,2010-10-09,72b86ef75eda3acf0375025675b55a4998c55bec
economist_tunisia_economy,How big a threat are rising prices?,2011-02-08,72f4680db6d6018989b6be21930ff60976a0b6bf
economist_tunisia_all,How big a threat are rising prices?,2011-02-08,72f4680db6d6018989b6be21930ff60976a0b6bf
economist_tunisia_economy,What makes a great investor?,2026-08-25,7316512b52c0c7ace09ecb33ced541a7bc9577b4
economist_tunisia_all,What makes a great investor?,2026-08-25,7316512b52c0c7ace09ecb33ced541a7bc9577b4
economist_tunisia_economy,The other victim,2015-07-02,733661cc535996b9a47811801bb51674b5c938d9
economist_tunisia_all,The other victim,2015-07-02,733661cc535996b9a47811801bb51674b5c938d9
economist_tunisia_economy,Still struggling,2013-03-19,7355402298e4446cef9fea29a76d06ed45a32270
economist_tunisia_all,Still struggling,2013-03-19,7355402298e4446cef9fea29a76d06ed45a32270
leconomistmaghrebin,"Attijari Assurance lance « Taamine Iktissadi », nouveau concept d’assurance inclusive en Tunisie",2021-03-29,741f4d0b8369e41842ab5234f2b9307113502b16
ilboursa,"Attijari Assurance lance « Taamine Iktissadi », nouveau concept d’assurance inclusive en Tunisie",2021-03-29,741f4d0b8369e41842ab5234f2b9307113502b16
economist_tunisia_economy,Come to sunny Colombia,2006-06-29,743190f161a2117114be51909b726c8b2e6823c7
economist_tunisia_all,Come to sunny Colombia,2006-06-29,743190f161a2117114be51909b726c8b2e6823c7
economist_tunisia_economy,The IMF cannot solve Argentina’s dysfunction,2022-01-29,74f0fe6a24e869389e34d47e5c2e8ac72e57834f
economist_tunisia_all,The IMF cannot solve Argentina’s dysfunction,2022-01-29,74f0fe6a24e869389e34d47e5c2e8ac72e57834f
economist_tunisia_economy,File under things not to worry about,2010-03-23,753c6484ea765926f920f40a73f820b5453b2a4f
economist_tunisia_all,File under things not to worry about,2010-03-23,753c6484ea765926f920f40a73f820b5453b2a4f
economist_tunisia_economy,Meet the committee to buy Europe,2026-07-15,75a1cf0cf28332fee0d72a4efe5a191b5a7f73e2
economist_tunisia_all,Meet the committee to buy Europe,2026-07-15,75a1cf0cf28332fee0d72a4efe5a191b5a7f73e2
economist_tunisia_economy,Donald Trump’s trade policy chaos,2025-03-06,7605258bfe67b51a55b3681ae2a9508302c70e2c
economist_tunisia_all,Donald Trump’s trade policy chaos,2025-03-06,7605258bfe67b51a55b3681ae2a9508302c70e2c
economist_tunisia_economy,What’s happening with America’s debt ceiling?,2023-05-11,7618cb3948a1f72b1ad41efcd792d82508263b7f
economist_tunisia_all,What’s happening with America’s debt ceiling?,2023-05-11,7618cb3948a1f72b1ad41efcd792d82508263b7f
economist_tunisia_economy,The trade deal with America shows the limits of the EU’s power,2025-07-31,76443b4e7536856db8cfe0255ce500426f68537c
economist_tunisia_all,The trade deal with America shows the limits of the EU’s power,2025-07-31,76443b4e7536856db8cfe0255ce500426f68537c
ilboursa,Prévenir une crise alimentaire en Afrique : La Facilité africaine de production alimentaire d’urgence,2022-08-15,7654f13fdcb35e6f5b4a3905b75958c7fa440a0d
leconomistmaghrebin,Prévenir une crise alimentaire en Afrique : la Facilité africaine de production alimentaire d’urgence,2022-08-15,7654f13fdcb35e6f5b4a3905b75958c7fa440a0d
economist_tunisia_economy,How AI is changing tourism,2026-08-20,76a11754ffa034df5af4350b5060abf54ff5210f
economist_tunisia_all,How AI is changing tourism,2026-08-20,76a11754ffa034df5af4350b5060abf54ff5210f
kapitalis,AmenPay : leader des applications de paiement mobile en Tunisie,2022-07-29,76e49e95e87a5a0e7962e6658ef0c6a2658831d1
ilboursa,AmenPay : Leader des applications de Paiement Mobile en Tunisie,2022-07-29,76e49e95e87a5a0e7962e6658ef0c6a2658831d1
economist_tunisia_economy,The IMF is back in Africa,2017-06-15,76eb0a1ed16df6018be6c45e5b0dc0ba50cb718f
economist_tunisia_all,The IMF is back in Africa,2017-06-15,76eb0a1ed16df6018be6c45e5b0dc0ba50cb718f
economist_tunisia_economy,More to give,2009-03-12,76f221ab1ddbfef30f5a2558cfea38c5f5f5a9e5
economist_tunisia_all,More to give,2009-03-12,76f221ab1ddbfef30f5a2558cfea38c5f5f5a9e5
leconomistmaghrebin,Les prix du baril de pétrole brut devraient rester élevés,2022-02-06,777687ea90dfa59c7695af02acd6058bb4eaaaae
ilboursa,Les prix du baril de pétrole brut devraient rester élevés,2022-02-06,777687ea90dfa59c7695af02acd6058bb4eaaaae
economist_tunisia_all,Enforced flexibility,2013-11-21,777858860644f6ed04eab2ed04a8ed0c942b7bb0
economist_tunisia_economy,Enforced flexibility,2013-11-21,777858860644f6ed04eab2ed04a8ed0c942b7bb0
economist_tunisia_all,"Chinamaxxing is starting to catch on, in China",2026-04-23,777bbf5be226a8c417f1d65214bfed13f3c06cb3
economist_tunisia_economy,"Chinamaxxing is starting to catch on, in China",2026-04-23,777bbf5be226a8c417f1d65214bfed13f3c06cb3
economist_tunisia_economy,Europe’s economy is a mess. Its stock markets are a steal,2026-07-07,77f578ac0f4349de88464a38ad552100c7388acb
economist_tunisia_all,Europe’s economy is a mess. Its stock markets are a steal,2026-07-07,77f578ac0f4349de88464a38ad552100c7388acb
economist_tunisia_all,"Big, rich countries have rarely repaid debt with surpluses",2025-10-13,783633e40c8ec89a0029a8e56316c87cef45dea6
economist_tunisia_economy,"Big, rich countries have rarely repaid debt with surpluses",2025-10-13,783633e40c8ec89a0029a8e56316c87cef45dea6
economist_tunisia_economy,Scott Bessent should stop blaming the bond market,2026-09-15,78c21c250197cf1fe7f3cb4bb452e4322cf7fc09
economist_tunisia_all,Scott Bessent should stop blaming the bond market,2026-09-15,78c21c250197cf1fe7f3cb4bb452e4322cf7fc09
economist_tunisia_all,A looming EU-China trade war,2026-05-20,791393ac8a8f3eb53f927531617dc919c97b0974
economist_tunisia_economy,A looming EU-China trade war,2026-05-20,791393ac8a8f3eb53f927531617dc919c97b0974
economist_tunisia_all,Why Britain has so far dodged Donald Trump’s tariffs,2025-02-20,79490ab238c89574d1c961533e8bd002b4b9a699
economist_tunisia_economy,Why Britain has so far dodged Donald Trump’s tariffs,2025-02-20,79490ab238c89574d1c961533e8bd002b4b9a699
economist_tunisia_economy,Japan’s downbeat startups need a lift,2026-08-13,7959a71591b4d91c373b7828fddc2f583a1efdc6
economist_tunisia_all,Japan’s downbeat startups need a lift,2026-08-13,7959a71591b4d91c373b7828fddc2f583a1efdc6
economist_tunisia_all,Everybody wants to rule the world,2014-08-16,79dc1b9a50f2aae199830b4cafefd9ea244b6d8f
economist_tunisia_economy,Everybody wants to rule the world,2014-08-16,79dc1b9a50f2aae199830b4cafefd9ea244b6d8f
economist_tunisia_economy,"In some countries, people think they have too much freedom of speech",2021-06-07,7a61bf9a8a73d79c9d961b79bfabc149bdb15407
economist_tunisia_all,"In some countries, people think they have too much freedom of speech",2021-06-07,7a61bf9a8a73d79c9d961b79bfabc149bdb15407
leconomistmaghrebin,La BH Bank poursuit son plan de développement avec confiance et détermination,2022-04-29,7a6733846783a4e4249147a2179fbf34422f2222
ilboursa,La BH Bank poursuit son plan de développement avec confiance et détermination,2022-04-29,7a6733846783a4e4249147a2179fbf34422f2222
economist_tunisia_all,The Middle East is fighting a second wave of covid-19,2020-06-13,7a8b69f8df2f805a32c75fa4f867e98271dcbe01
economist_tunisia_economy,The Middle East is fighting a second wave of covid-19,2020-06-13,7a8b69f8df2f805a32c75fa4f867e98271dcbe01
economist_tunisia_all,The persistence of history,2015-08-22,7aa90de9b6cf0bebe4319efb393cd89eeb3a702a
economist_tunisia_economy,The persistence of history,2015-08-22,7aa90de9b6cf0bebe4319efb393cd89eeb3a702a
economist_tunisia_all,Investors must prepare for sustained higher inflation,2023-06-22,7b6b8b7c23e1634e739f7df97a29f8e175381070
economist_tunisia_economy,Investors must prepare for sustained higher inflation,2023-06-22,7b6b8b7c23e1634e739f7df97a29f8e175381070
economist_tunisia_economy,The restaurant business is changing beyond recognition,2026-07-30,7b75cf3dac86ae709838e76b8321228280a40441
economist_tunisia_all,The restaurant business is changing beyond recognition,2026-07-30,7b75cf3dac86ae709838e76b8321228280a40441
ilboursa,Tunisie : Nouvelles nominations au ministère du Transport,2014-12-20,7c1636fbb19d4fb42f30ea48b36a076c2375273e
kapitalis,Tunisie : Nouvelles nominations au ministère du Transport,2019-09-23,7c1636fbb19d4fb42f30ea48b36a076c2375273e
economist_tunisia_economy,Who wrangled the best trade deal from Donald Trump?,2026-02-10,7c610fb10354ca4e5c75ee38c17d2232d4988397
economist_tunisia_all,Who wrangled the best trade deal from Donald Trump?,2026-02-10,7c610fb10354ca4e5c75ee38c17d2232d4988397
economist_tunisia_all,Zimbabwe’s bizarre economic boom,2026-04-15,7c74ad69a4f285233240c538bc6b71376d160fed
economist_tunisia_economy,Zimbabwe’s bizarre economic boom,2026-04-15,7c74ad69a4f285233240c538bc6b71376d160fed
economist_tunisia_all,Real life—on television,2014-07-19,7c8e4aa781c6e35dabbc1a574f265783c12d8d12
economist_tunisia_economy,Real life—on television,2014-07-19,7c8e4aa781c6e35dabbc1a574f265783c12d8d12
ilboursa,BCT : Mise en circulation de trois nouvelles pièces de monnaie,2018-03-19,7caea19393375d62965eae41410e58ea6e25afeb
kapitalis,BCT : Mise en circulation de trois nouvelles pièces de monnaie,2024-07-08,7caea19393375d62965eae41410e58ea6e25afeb
economist_tunisia_all,Terrorists returning home to Tunisia,2017-01-19,7ce87b90d3be2fdf5cbd68b383f84546a12c7a80
economist_tunisia_economy,Terrorists returning home to Tunisia,2017-01-19,7ce87b90d3be2fdf5cbd68b383f84546a12c7a80
economist_tunisia_economy,Who will win from Trump’s tariffs?,2025-08-14,7d3c00060ae1204bf8471e93aa8f6c6fa41f115b
economist_tunisia_all,Who will win from Trump’s tariffs?,2025-08-14,7d3c00060ae1204bf8471e93aa8f6c6fa41f115b
leconomistmaghrebin,La Bourse de Tunis termine la semaine en territoire négatif,2019-08-03,7d74f86e26092710d8f5235e72ce62d4ccac5eba
ilboursa,La Bourse de Tunis termine la semaine en territoire négatif,2021-05-07,7d74f86e26092710d8f5235e72ce62d4ccac5eba
ilboursa,La Bourse de Tunis termine la semaine en territoire négatif,2020-01-17,7d74f86e26092710d8f5235e72ce62d4ccac5eba
economist_tunisia_economy,Tourism,,7d8710ce7c45a0e194cd327a58f52c53014102f9
economist_tunisia_all,Tourism,,7d8710ce7c45a0e194cd327a58f52c53014102f9
economist_tunisia_all,The Arab Spring’s online backlash,2012-03-29,7dc996d352d81d1db05cf56b5ad6714da83af015
economist_tunisia_economy,The Arab Spring’s online backlash,2012-03-29,7dc996d352d81d1db05cf56b5ad6714da83af015
economist_tunisia_all,Where has the worst inflation problem?,2025-08-17,7e05179044cc6a9d5e893adeb139495a3f8425e6
economist_tunisia_economy,Where has the worst inflation problem?,2025-08-17,7e05179044cc6a9d5e893adeb139495a3f8425e6
economist_tunisia_all,Doubts inside the barricades,2002-09-26,7e360c169a7c923672e097972a8f1796640369b9
economist_tunisia_economy,Doubts inside the barricades,2002-09-26,7e360c169a7c923672e097972a8f1796640369b9
ilboursa,Les échanges mondiaux de marchandises ont-ils atteint leur apogée?,2023-03-26,7e90c7af53e264a3c75242d8339c9e339898b575
leconomistmaghrebin,Les échanges mondiaux de marchandises ont-ils atteint leur apogée?,2023-03-26,7e90c7af53e264a3c75242d8339c9e339898b575
economist_tunisia_economy,Disaster tourism,2012-06-16,7ed947560bb6475adc551eec8df5665e2d874b8e
economist_tunisia_all,Disaster tourism,2012-06-16,7ed947560bb6475adc551eec8df5665e2d874b8e
economist_tunisia_all,Central banking has a forbidding future,2026-09-02,7f0657c62339a402cb3f9442ebfa6ffbd8ce6cde
economist_tunisia_economy,Central banking has a forbidding future,2026-09-02,7f0657c62339a402cb3f9442ebfa6ffbd8ce6cde
economist_tunisia_all,African trade has been vastly underestimated,2026-01-18,7f0785937b838815a9748fa6b2e30a982c6e048c
economist_tunisia_economy,African trade has been vastly underestimated,2026-01-18,7f0785937b838815a9748fa6b2e30a982c6e048c
economist_tunisia_all,Zambia’s election is a test of metal,2026-08-12,7f1fa33c3276b387ca0c986f974d987829e26a22
economist_tunisia_economy,Zambia’s election is a test of metal,2026-08-12,7f1fa33c3276b387ca0c986f974d987829e26a22
economist_tunisia_all,Rooms for improvement,1997-10-23,7f5da71b977798682f0c27f78953447f4e1b63a1
economist_tunisia_economy,Rooms for improvement,1997-10-23,7f5da71b977798682f0c27f78953447f4e1b63a1
economist_tunisia_economy,A coalmine explosion lays bare China’s two-speed economy,2026-05-28,805419f15f244e0b888c144605bc675a2c7cb07e
economist_tunisia_all,A coalmine explosion lays bare China’s two-speed economy,2026-05-28,805419f15f244e0b888c144605bc675a2c7cb07e
economist_tunisia_all,Pandemic tourism in Turkey,2021-05-15,80d4c9d1ae88d30e6d13eba63d0b2ac319a0a867
economist_tunisia_economy,Pandemic tourism in Turkey,2021-05-15,80d4c9d1ae88d30e6d13eba63d0b2ac319a0a867
economist_tunisia_economy,Boom boom,2013-08-17,81d9494290a97ab20d8cf091264a4c0bda7d7480
economist_tunisia_all,Boom boom,2013-08-17,81d9494290a97ab20d8cf091264a4c0bda7d7480
economist_tunisia_all,Tunisia’s Nobel prize-winning trade unions are holding the country back,2017-12-14,82b4d37e8c6f6b1761e6a157ec1af5a208d92c13
economist_tunisia_economy,Tunisia’s Nobel prize-winning trade unions are holding the country back,2017-12-14,82b4d37e8c6f6b1761e6a157ec1af5a208d92c13
economist_tunisia_economy,"Despite bulging debt everywhere, the IMF is struggling to be helpful",2022-02-26,82f4fa0dc06b82ecf3686bf06ceee52a5d289c32
economist_tunisia_all,"Despite bulging debt everywhere, the IMF is struggling to be helpful",2022-02-26,82f4fa0dc06b82ecf3686bf06ceee52a5d289c32
economist_tunisia_economy,Europe seems set to ease its carbon pricing,2026-07-16,838f2cc9bd36eb0d56bcebad2e7fdd3a39370c3f
economist_tunisia_all,Europe seems set to ease its carbon pricing,2026-07-16,838f2cc9bd36eb0d56bcebad2e7fdd3a39370c3f
ilboursa,La Bourse de Tunis débute la semaine dans le vert,2016-04-04,83f6e9aa60f8b8c5c153c67478abf53d111af8aa
ilboursa,La Bourse de Tunis débute la semaine dans le vert,2017-04-03,83f6e9aa60f8b8c5c153c67478abf53d111af8aa
ilboursa,La Bourse de Tunis débute la semaine dans le vert,2015-02-16,83f6e9aa60f8b8c5c153c67478abf53d111af8aa
ilboursa,La Bourse de Tunis débute la semaine dans le vert,2016-10-24,83f6e9aa60f8b8c5c153c67478abf53d111af8aa
ilboursa,La Bourse de Tunis débute la semaine dans le vert,2014-12-15,83f6e9aa60f8b8c5c153c67478abf53d111af8aa
ilboursa,La Bourse de Tunis débute la semaine dans le vert,2017-01-09,83f6e9aa60f8b8c5c153c67478abf53d111af8aa
ilboursa,La Bourse de Tunis débute la semaine dans le vert,2016-07-11,83f6e9aa60f8b8c5c153c67478abf53d111af8aa
ilboursa,La Bourse de Tunis débute la semaine dans le vert,2021-05-17,83f6e9aa60f8b8c5c153c67478abf53d111af8aa
ilboursa,La Bourse de Tunis débute la semaine dans le vert,2017-01-16,83f6e9aa60f8b8c5c153c67478abf53d111af8aa
ilboursa,La Bourse de Tunis débute la semaine dans le vert,2016-10-10,83f6e9aa60f8b8c5c153c67478abf53d111af8aa
ilboursa,La Bourse de Tunis débute la semaine dans le vert,2015-01-19,83f6e9aa60f8b8c5c153c67478abf53d111af8aa
ilboursa,La Bourse de Tunis débute la semaine dans le vert,2020-05-11,83f6e9aa60f8b8c5c153c67478abf53d111af8aa
leconomistmaghrebin,La Bourse de Tunis débute la semaine dans le vert,2014-05-19,83f6e9aa60f8b8c5c153c67478abf53d111af8aa
economist_tunisia_all,Goodhart’s luck,1999-06-03,841148e0cfd4f385f8caf4f7b6d982d495e018d5
economist_tunisia_economy,Goodhart’s luck,1999-06-03,841148e0cfd4f385f8caf4f7b6d982d495e018d5
economist_tunisia_economy,Surging food prices take a toll on poor economies,2022-04-02,842a95503147f229b1aa6dc0e788dd44aed00bf5
economist_tunisia_all,Surging food prices take a toll on poor economies,2022-04-02,842a95503147f229b1aa6dc0e788dd44aed00bf5
economist_tunisia_all,Travel is becoming a competitive sport,2026-06-02,843fdcc3e3eeb7073b2aaf60614fbdf6fe5a8ffe
economist_tunisia_economy,Travel is becoming a competitive sport,2026-06-02,843fdcc3e3eeb7073b2aaf60614fbdf6fe5a8ffe
leconomistmaghrebin,La Tunisie obtient un prêt de 312 millions de dollars auprès du Fonds monétaire arabe,2026-07-09,84467027a782db3d5c7fc6b87795f4021336242e
ilboursa,La Tunisie obtient un prêt de 312 millions de dollars auprès du Fonds monétaire arabe,2026-07-08,84467027a782db3d5c7fc6b87795f4021336242e
economist_tunisia_economy,A search for roots is behind a surge in Scottish tourism,2024-12-09,84da595f4aaed1a1d0d5840ef94dbb6b9c74e10b
economist_tunisia_all,A search for roots is behind a surge in Scottish tourism,2024-12-09,84da595f4aaed1a1d0d5840ef94dbb6b9c74e10b
economist_tunisia_all,Running out of time,2015-09-17,853970cd00b9a919e5e211339d3f7fdd228ff72f
economist_tunisia_economy,Running out of time,2015-09-17,853970cd00b9a919e5e211339d3f7fdd228ff72f
economist_tunisia_economy,"From tea to cars, Egypt and Tunisia struggle to pay for imports",2022-09-15,85480ac01b062da45b8ff427aa2bfd3398613ff0
economist_tunisia_all,"From tea to cars, Egypt and Tunisia struggle to pay for imports",2022-09-15,85480ac01b062da45b8ff427aa2bfd3398613ff0
economist_tunisia_economy,How India’s central bank subsidised the diaspora,2026-08-27,85b787285b57c925abc9100e848298b4b2ced882
economist_tunisia_all,How India’s central bank subsidised the diaspora,2026-08-27,85b787285b57c925abc9100e848298b4b2ced882
economist_tunisia_economy,The IMF faces a nightmarish identity crisis,2023-04-04,8675192692b1351b8d8794ae784f24dfebbce9d4
economist_tunisia_all,The IMF faces a nightmarish identity crisis,2023-04-04,8675192692b1351b8d8794ae784f24dfebbce9d4
economist_tunisia_all,A surge of migrants is reaching Italy,2023-03-30,868eed4d19cb5119431dda9547d51672c826b81d
economist_tunisia_economy,A surge of migrants is reaching Italy,2023-03-30,868eed4d19cb5119431dda9547d51672c826b81d
economist_tunisia_all,A threat on many fronts,2013-11-05,86c11d7a257ae794b351f1cd1264f989539dc388
economist_tunisia_economy,A threat on many fronts,2013-11-05,86c11d7a257ae794b351f1cd1264f989539dc388
economist_tunisia_all,Nigel Farage’s dangerous proposal on central-bank reserves,2026-02-05,86f1f26c86f1f07ab00e405de941512c87b47457
economist_tunisia_economy,Nigel Farage’s dangerous proposal on central-bank reserves,2026-02-05,86f1f26c86f1f07ab00e405de941512c87b47457
economist_tunisia_all,Javier Milei loosens his grip on the peso,2025-12-17,871f9635848f493dcff5216df00fa4a22765caa5
economist_tunisia_economy,Javier Milei loosens his grip on the peso,2025-12-17,871f9635848f493dcff5216df00fa4a22765caa5
economist_tunisia_all,The way out of Tunisia’s crisis,2021-07-28,8775bd058130ec27fe8e65dd05b5394c5abec978
economist_tunisia_economy,The way out of Tunisia’s crisis,2021-07-28,8775bd058130ec27fe8e65dd05b5394c5abec978
kapitalis,Fitch Ratings relève la notation d’Enda Tamweel à BBB avec perspective stable,2021-11-11,87a1a5018075fa81969495496575e94a09c073e3
leconomistmaghrebin,Fitch Ratings relève la notation d’Enda Tamweel à BBB avec perspective stable,2021-11-10,87a1a5018075fa81969495496575e94a09c073e3
economist_tunisia_economy,Would an all-out trade war be better?,2025-09-18,87d087e7546b0db26f84af7107ba591de958e436
economist_tunisia_all,Would an all-out trade war be better?,2025-09-18,87d087e7546b0db26f84af7107ba591de958e436
economist_tunisia_economy,The supposed price of stability,2004-10-21,87f352816cde92c864c87b42458eb766a1b89fc4
economist_tunisia_all,The supposed price of stability,2004-10-21,87f352816cde92c864c87b42458eb766a1b89fc4
ilboursa,La Bourse de Tunis renouvelle sa certification ISO 27001:2013,2020-07-22,8883c08b488a709400f8edad5cd9a300ad98d394
leconomistmaghrebin,La Bourse de Tunis renouvelle sa certification ISO 27001:2013,2020-07-21,8883c08b488a709400f8edad5cd9a300ad98d394
economist_tunisia_economy,Holiday money,2007-07-31,88ec5568afdefa68fd3230f1f03137d27d65b5fe
economist_tunisia_all,Holiday money,2007-07-31,88ec5568afdefa68fd3230f1f03137d27d65b5fe
economist_tunisia_all,Germany is in a bizarre fiscal mess of its own making,2023-11-30,895a6f3bcdb6c9834c0f31e0b68d40f315076877
economist_tunisia_economy,Germany is in a bizarre fiscal mess of its own making,2023-11-30,895a6f3bcdb6c9834c0f31e0b68d40f315076877
economist_tunisia_economy,Mexico’s broken economy,2026-03-26,89669ae99eb95efe2eb29514261fd0579b8664ff
economist_tunisia_all,Mexico’s broken economy,2026-03-26,89669ae99eb95efe2eb29514261fd0579b8664ff
economist_tunisia_economy,Indonesia's bank shot tightening strategy,2011-02-11,89879256f61671d397f81760e2788a7d42877887
economist_tunisia_all,Indonesia's bank shot tightening strategy,2011-02-11,89879256f61671d397f81760e2788a7d42877887
economist_tunisia_economy,Inflation!,2010-11-16,89b7745e63579bf22bf6a8ee3a62afbc56fc78e4
economist_tunisia_all,Inflation!,2010-11-16,89b7745e63579bf22bf6a8ee3a62afbc56fc78e4
economist_tunisia_all,Ukraine is bracing for Russia’s hardest winter blitz yet,2026-09-01,89bcd24fadcc1e39807f081c0e2f71f997bab57d
economist_tunisia_economy,Ukraine is bracing for Russia’s hardest winter blitz yet,2026-09-01,89bcd24fadcc1e39807f081c0e2f71f997bab57d
leconomistmaghrebin,"WIFAK Bank, une banque engagée pour mieux accompagner ses clients et contribuer à la relance économique",2020-11-03,8a29002e3036e1f9b172e0c918801a8692589508
ilboursa,"WIFAK Bank, une banque engagée pour mieux accompagner ses clients et contribuer à la relance économique",2020-10-28,8a29002e3036e1f9b172e0c918801a8692589508
economist_tunisia_economy,Would inflation-linked bonds survive an inflationary default?,2025-10-15,8a436cee9bf30bd5268762e0879a822f28dc310e
economist_tunisia_all,Would inflation-linked bonds survive an inflationary default?,2025-10-15,8a436cee9bf30bd5268762e0879a822f28dc310e
economist_tunisia_economy,What does high inflation mean?,2022-08-04,8a6b626e39bfaecb8e35667dd63ae793928aa293
economist_tunisia_all,What does high inflation mean?,2022-08-04,8a6b626e39bfaecb8e35667dd63ae793928aa293
economist_tunisia_economy,Andy Burnham’s chance to reset Labour’s relations with business,2026-08-13,8a8361a62e2ec03f2efe29ea851d974f6b273e05
economist_tunisia_all,Andy Burnham’s chance to reset Labour’s relations with business,2026-08-13,8a8361a62e2ec03f2efe29ea851d974f6b273e05
economist_tunisia_economy,China should be loosening budgetary policy. It’s doing the opposite,2026-08-27,8b2b6298015c7aa6506f7b175242626e819cc02e
economist_tunisia_all,China should be loosening budgetary policy. It’s doing the opposite,2026-08-27,8b2b6298015c7aa6506f7b175242626e819cc02e
economist_tunisia_economy,Visiting brethren,2013-06-05,8baf6c8ee211b4181f5608a8eb93bb2764bf1042
economist_tunisia_all,Visiting brethren,2013-06-05,8baf6c8ee211b4181f5608a8eb93bb2764bf1042
kapitalis,Advans Tunisie et ViaMobile s’associent pour plus d’inclusion financière et digitale,2021-06-08,8c1c301d6b87c27610767ccfcf2cee2965ebefb2
ilboursa,Advans Tunisie et ViaMobile s’associent pour plus d’inclusion financière et digitale,2021-06-08,8c1c301d6b87c27610767ccfcf2cee2965ebefb2
economist_tunisia_economy,The jobs apocalypse is postponed. An AI jobs boom is here,2026-09-04,8c72deec8a1b489a3f95995b6243d22ee4fb98ad
economist_tunisia_all,The jobs apocalypse is postponed. An AI jobs boom is here,2026-09-04,8c72deec8a1b489a3f95995b6243d22ee4fb98ad
leconomistmaghrebin,La BCT maintient son taux directeur inchangé à 7 %,2026-07-29,8c9f9c2ab45e82d01416a31f2ae6e74b0b164532
ilboursa,La BCT maintient son taux directeur inchangé à 7 %,2026-06-03,8c9f9c2ab45e82d01416a31f2ae6e74b0b164532
economist_tunisia_all,A horrific Christmas attack in Germany is weirder than first thought,2024-12-22,8ce465139b99483c43ac81458aa7b864d1a2d647
economist_tunisia_economy,A horrific Christmas attack in Germany is weirder than first thought,2024-12-22,8ce465139b99483c43ac81458aa7b864d1a2d647
economist_tunisia_economy,Brazil’s much-loved payments system has drawn Donald Trump’s ire,2026-07-19,8d14a3f69eedf246b4ae3f586ffeeb49c680db9e
economist_tunisia_all,Brazil’s much-loved payments system has drawn Donald Trump’s ire,2026-07-19,8d14a3f69eedf246b4ae3f586ffeeb49c680db9e
economist_tunisia_all,What will Kevin Warsh do if America’s economy breaks?,2026-08-02,8d254e5493d19e50da9a68c9429318f7eb6c9d00
economist_tunisia_economy,What will Kevin Warsh do if America’s economy breaks?,2026-08-02,8d254e5493d19e50da9a68c9429318f7eb6c9d00
ilboursa,La responsabilité sociétale et environnementale dans la ligne de mire du secteur bancaire et financier,2021-12-01,8d43727fbef619473740ea94a328254fc4e435d6
leconomistmaghrebin,La responsabilité sociétale et environnementale dans la ligne de mire du secteur bancaire et financier,2021-12-01,8d43727fbef619473740ea94a328254fc4e435d6
economist_tunisia_all,Why the IMF’s newest report finds that the yuan is undervalued,2026-02-19,8d5ac9c11339fa9ba3f8d6bee0a3db934c2aa15c
economist_tunisia_economy,Why the IMF’s newest report finds that the yuan is undervalued,2026-02-19,8d5ac9c11339fa9ba3f8d6bee0a3db934c2aa15c
economist_tunisia_all,How many Big Macs does your salary buy?,2026-08-25,8d6d2d59daeb30cc06ccab3314fb43623b476e68
economist_tunisia_economy,How many Big Macs does your salary buy?,2026-08-25,8d6d2d59daeb30cc06ccab3314fb43623b476e68
economist_tunisia_all,Italy has tracked down Cosa Nostra’s riches,2026-06-04,8d72aeedf7f97278945d5e29b83db4ef33699e7d
economist_tunisia_economy,Italy has tracked down Cosa Nostra’s riches,2026-06-04,8d72aeedf7f97278945d5e29b83db4ef33699e7d
economist_tunisia_all,America’s cannabis-drinks market is booming—and imperilled,2026-08-27,8dc589a60daf90a06351b9e62c93e37d315998ab
economist_tunisia_economy,America’s cannabis-drinks market is booming—and imperilled,2026-08-27,8dc589a60daf90a06351b9e62c93e37d315998ab
economist_tunisia_economy,Fatah searches for renewal,2009-08-06,8df6caf92685726963bde4f9be894c5b36aa9cb7
economist_tunisia_all,Fatah searches for renewal,2009-08-06,8df6caf92685726963bde4f9be894c5b36aa9cb7
economist_tunisia_economy,The next European crisis: boat people,2011-04-11,8e6840cb3b04c461d2ff83ccd3d29960a0799097
economist_tunisia_all,The next European crisis: boat people,2011-04-11,8e6840cb3b04c461d2ff83ccd3d29960a0799097
economist_tunisia_all,Arab countries anticipate another youth bulge,2024-11-20,8e99ae84cce8750521cb75efc363a46918d4017c
economist_tunisia_economy,Arab countries anticipate another youth bulge,2024-11-20,8e99ae84cce8750521cb75efc363a46918d4017c
economist_tunisia_economy,Albania’s tourism boom is a boon for Jared Kushner,2025-07-17,8ebc43fdb339c6db577cd5cfffc2e86c28fd5cc2
economist_tunisia_all,Albania’s tourism boom is a boon for Jared Kushner,2025-07-17,8ebc43fdb339c6db577cd5cfffc2e86c28fd5cc2
economist_tunisia_all,Economy,,8ec4382b31516822f9182ab210f7e51adeda2031
economist_tunisia_economy,Economy,,8ec4382b31516822f9182ab210f7e51adeda2031
economist_tunisia_economy,Mexico is struggling to win over bond markets,2026-09-03,8f368f966459ffcb8df18c0a125c569f2e6336a8
economist_tunisia_all,Mexico is struggling to win over bond markets,2026-09-03,8f368f966459ffcb8df18c0a125c569f2e6336a8
economist_tunisia_economy,Friends in high places,2014-10-09,8f3f84d8d4396efe0ad74af8ae58d7c3adaa83f2
economist_tunisia_all,Friends in high places,2014-10-09,8f3f84d8d4396efe0ad74af8ae58d7c3adaa83f2
leconomistmaghrebin,Les progrès positifs ont permis de surmonter les incertitudes en 2024,2024-12-29,8f43f9d5e8103c559bae0c8429118661d6357063
ilboursa,Les progrès positifs ont permis de surmonter les incertitudes en 2024,2024-12-29,8f43f9d5e8103c559bae0c8429118661d6357063
ilboursa,"Tunisie Valeurs, premier intermédiaire en Bourse en Tunisie certifié AML 30000",2022-12-12,8f6a9094cc9438ab0eb11a882aed3592a2cd0a70
leconomistmaghrebin,"Tunisie Valeurs, premier intermédiaire en bourse en Tunisie certifié AML 30000",2022-12-12,8f6a9094cc9438ab0eb11a882aed3592a2cd0a70
leconomistmaghrebin,La politique de relance peut-elle raviver la croissance économique de la Chine ?,2025-01-12,9045231961fc62b6ee816c35834ed364cb274750
ilboursa,La politique de relance peut-elle raviver la croissance économique de la Chine ?,2025-01-12,9045231961fc62b6ee816c35834ed364cb274750
economist_tunisia_economy,A peace of sorts,2005-11-17,90ac9e387973ee4c7b1c8ca69de4def9e43e7566
economist_tunisia_all,A peace of sorts,2005-11-17,90ac9e387973ee4c7b1c8ca69de4def9e43e7566
economist_tunisia_all,Kevin Warsh’s troublesome inflation in-tray,2026-05-27,90b892c2e8f39ab419702061d9bd9e2b70cef9cb
economist_tunisia_economy,Kevin Warsh’s troublesome inflation in-tray,2026-05-27,90b892c2e8f39ab419702061d9bd9e2b70cef9cb
economist_tunisia_all,Tunisia’s presidential race becomes a contest of outsiders,2019-09-16,90edd47589c9b9e181ab22ef0f0d8550340c3c19
economist_tunisia_economy,Tunisia’s presidential race becomes a contest of outsiders,2019-09-16,90edd47589c9b9e181ab22ef0f0d8550340c3c19
ilboursa,La BIAT lance sa nouvelle génération d’agences bancaires,2021-06-07,91582b43d1d2bcff7e5f775bc8a88df6e1941074
kapitalis,La Biat lance sa nouvelle génération d’agences bancaires,2021-06-08,91582b43d1d2bcff7e5f775bc8a88df6e1941074
economist_tunisia_economy,"Iran’s protests spread, as a notorious prison burns",2022-10-18,91d4c0d9c8877accfb61391521a175489b1e3dd0
economist_tunisia_all,"Iran’s protests spread, as a notorious prison burns",2022-10-18,91d4c0d9c8877accfb61391521a175489b1e3dd0
economist_tunisia_economy,Hard choices for the government,2011-01-20,9221d5c1a6cbf60bb3e11f70018bbeb4fd8560a3
economist_tunisia_all,Hard choices for the government,2011-01-20,9221d5c1a6cbf60bb3e11f70018bbeb4fd8560a3
economist_tunisia_all,"Without fanfare, China is making rural migrants’ lives easier",2026-05-28,925ef82a7fac8c5f08ab3e1ce04317b0d813ee6b
economist_tunisia_economy,"Without fanfare, China is making rural migrants’ lives easier",2026-05-28,925ef82a7fac8c5f08ab3e1ce04317b0d813ee6b
kapitalis,Tunisie : La BCT maintient son taux directeur à 8%,2025-02-05,927a4e40a4ebfdb217479b51ab00ae9a568d7724
leconomistmaghrebin,Tunisie : La BCT maintient son taux directeur à 8%,2024-02-02,927a4e40a4ebfdb217479b51ab00ae9a568d7724
economist_tunisia_economy,The US in Brief: “I love the inflation”,2026-06-11,939a4b49a869b5e137cfe6a148c6dd798b440a8a
economist_tunisia_all,The US in Brief: “I love the inflation”,2026-06-11,939a4b49a869b5e137cfe6a148c6dd798b440a8a
economist_tunisia_all,Can China finally relax?,2026-09-10,93c1627fc26946b672a63afe3aa7e2abc2f57474
economist_tunisia_economy,Can China finally relax?,2026-09-10,93c1627fc26946b672a63afe3aa7e2abc2f57474
economist_tunisia_all,From satanic mills to sundecks,2012-12-15,93e852db3e13a219b27e3fa22e0d061f20ae33ee
economist_tunisia_economy,From satanic mills to sundecks,2012-12-15,93e852db3e13a219b27e3fa22e0d061f20ae33ee
economist_tunisia_all,"In Tunisia, cradle of the Arab spring, protesters want jobs",2020-08-13,93ff274722a5b2b885a76a7d8fbf46b33125abb4
economist_tunisia_economy,"In Tunisia, cradle of the Arab spring, protesters want jobs",2020-08-13,93ff274722a5b2b885a76a7d8fbf46b33125abb4
economist_tunisia_all,Especially crummy bank,2011-08-17,9466c28a434f39366069459c8179597bb647c8b1
economist_tunisia_economy,Especially crummy bank,2011-08-17,9466c28a434f39366069459c8179597bb647c8b1
economist_tunisia_all,Britain has a new headline measure of inflation,2017-08-12,9540589833c7e83a328c5a954c245bc72af30ffc
economist_tunisia_economy,Britain has a new headline measure of inflation,2017-08-12,9540589833c7e83a328c5a954c245bc72af30ffc
economist_tunisia_all,Russia’s war economy has problems—but is not about to crash,2026-06-22,95c0efb3b10276937293d517edf72687b5434ad1
economist_tunisia_economy,Russia’s war economy has problems—but is not about to crash,2026-06-22,95c0efb3b10276937293d517edf72687b5434ad1
economist_tunisia_economy,Chinese netizens wonder if their economy is in “garbage time”,2024-11-07,95c6a6975d0138d202c7ccc0f13e82d5c299980d
economist_tunisia_all,Chinese netizens wonder if their economy is in “garbage time”,2024-11-07,95c6a6975d0138d202c7ccc0f13e82d5c299980d
economist_tunisia_economy,Argentina needs less shouting and more growth,2026-09-10,9613f01593e758305f0ce9b8ee4d78f4f50c70c5
economist_tunisia_all,Argentina needs less shouting and more growth,2026-09-10,9613f01593e758305f0ce9b8ee4d78f4f50c70c5
economist_tunisia_economy,Bobbing back up?,2007-01-19,962aae129540b8067c08a2a47cacc12855917844
economist_tunisia_all,Bobbing back up?,2007-01-19,962aae129540b8067c08a2a47cacc12855917844
economist_tunisia_all,Will there be a helping hand for Thomas Cook?,2011-11-22,9638e79eaedcd7a4ad35d4d5d4b9ac3d9837b82a
economist_tunisia_economy,Will there be a helping hand for Thomas Cook?,2011-11-22,9638e79eaedcd7a4ad35d4d5d4b9ac3d9837b82a
economist_tunisia_economy,The Bundestag approves the biggest fiscal expansion in post-war history,2025-03-20,9654f2a5681cd90d50b9888fd60a614ff1a88798
economist_tunisia_all,The Bundestag approves the biggest fiscal expansion in post-war history,2025-03-20,9654f2a5681cd90d50b9888fd60a614ff1a88798
economist_tunisia_all,A common European safe asset is still unlikely,2026-07-30,96666251b2e070addd54fd86111959cca017e06e
economist_tunisia_economy,A common European safe asset is still unlikely,2026-07-30,96666251b2e070addd54fd86111959cca017e06e
economist_tunisia_all,Africa Inc is ready to roar,2024-05-23,96d0bf2c021a7d541ab0b3e19c3977556bb313e3
economist_tunisia_economy,Africa Inc is ready to roar,2024-05-23,96d0bf2c021a7d541ab0b3e19c3977556bb313e3
economist_tunisia_all,What the war on tourism gets wrong,2024-07-29,9728e83aa02beea639bcbc0c5d0d77416d0520f2
economist_tunisia_economy,What the war on tourism gets wrong,2024-07-29,9728e83aa02beea639bcbc0c5d0d77416d0520f2
economist_tunisia_all,Fly me to the moon,2012-06-30,973e34b62360a121a5fbd118b63b43104c0e6d11
economist_tunisia_economy,Fly me to the moon,2012-06-30,973e34b62360a121a5fbd118b63b43104c0e6d11
economist_tunisia_all,South Korea’s stock-market boom is collapsing spectacularly,2026-07-29,97525a8e9329f67b5c743675e5296a1b6c446c09
economist_tunisia_economy,South Korea’s stock-market boom is collapsing spectacularly,2026-07-29,97525a8e9329f67b5c743675e5296a1b6c446c09
economist_tunisia_all,How green is their valley,2005-08-25,97c68e88cfe7bdb2813b9c58f0ea14975e516aa0
economist_tunisia_economy,How green is their valley,2005-08-25,97c68e88cfe7bdb2813b9c58f0ea14975e516aa0
economist_tunisia_economy,The pinched,2013-10-16,982676dca3bd5317c88d22ca6ebeb9717dd32528
economist_tunisia_all,The pinched,2013-10-16,982676dca3bd5317c88d22ca6ebeb9717dd32528
lapresse,L’ATB lance la 3ème édition de l’offre « 100 Jours SAKAN by ATB » : encore plus d’avantages pour réaliser votre projet immobilier !,2026-06-29,9830468b2081e359f18c04d7343e7126c1b59a4c
leconomistmaghrebin,L’ATB lance la 3ème édition de l’offre « 100 Jours SAKAN by ATB » : encore plus d’avantages pour réaliser votre projet immobilier !,2026-06-29,9830468b2081e359f18c04d7343e7126c1b59a4c
economist_tunisia_economy,Tourists flock to celebrate the history of the Chinese Communist Party,2021-06-25,987daabda2e191b19a84e81b2eb6800c338cff30
economist_tunisia_all,Tourists flock to celebrate the history of the Chinese Communist Party,2021-06-25,987daabda2e191b19a84e81b2eb6800c338cff30
economist_tunisia_all,Killing the golden goose,2015-02-12,98922359aa10acb73d2a2cc9f9efc8bb2357cc97
economist_tunisia_economy,Killing the golden goose,2015-02-12,98922359aa10acb73d2a2cc9f9efc8bb2357cc97
economist_tunisia_economy,Islamism is no longer the answer,2014-12-17,989a8a4df2df52f4460f9f053ab4353ac10f5340
economist_tunisia_all,Islamism is no longer the answer,2014-12-17,989a8a4df2df52f4460f9f053ab4353ac10f5340
economist_tunisia_economy,America will regret Scott Bessent’s bond-market misadventures,2026-08-26,98a36f2b6e80ccf958323d812b9e53b944290feb
economist_tunisia_all,America will regret Scott Bessent’s bond-market misadventures,2026-08-26,98a36f2b6e80ccf958323d812b9e53b944290feb
economist_tunisia_economy,William Ruto turns against foreign traders,2026-09-10,98bbe34815bba62dcc96bd31efafa17481fd6319
economist_tunisia_all,William Ruto turns against foreign traders,2026-09-10,98bbe34815bba62dcc96bd31efafa17481fd6319
economist_tunisia_all,Pakistan’s deft diplomacy is an economic blessing. And a curse,2026-04-16,98c2505cee977bdd9138bff7e14dba8f3b3768fa
economist_tunisia_economy,Pakistan’s deft diplomacy is an economic blessing. And a curse,2026-04-16,98c2505cee977bdd9138bff7e14dba8f3b3768fa
ilboursa,Les mesures de relance politique soutiendront une croissance modérée en Chine en 2024,2024-04-07,9937af6dbc8b43175e4a808c56114b9864cf1df5
leconomistmaghrebin,Les mesures de relance politique soutiendront une croissance modérée en Chine en 2024,2024-04-07,9937af6dbc8b43175e4a808c56114b9864cf1df5
economist_tunisia_economy,America’s debt-ceiling deal means it should now avoid Armageddon,2023-05-28,999a97e81a7769fd3722adda10e372a62b35b3bd
economist_tunisia_all,America’s debt-ceiling deal means it should now avoid Armageddon,2023-05-28,999a97e81a7769fd3722adda10e372a62b35b3bd
economist_tunisia_economy,Governments are making a dangerous bet on the AI boom,2026-08-05,99ae5f7763fcb22e86d44baa715265b314b993ec
economist_tunisia_all,Governments are making a dangerous bet on the AI boom,2026-08-05,99ae5f7763fcb22e86d44baa715265b314b993ec
economist_tunisia_all,Capacity to pay,2014-01-28,99d560f56cfa7944e4b9b61ead3d63a25929c93d
economist_tunisia_economy,Capacity to pay,2014-01-28,99d560f56cfa7944e4b9b61ead3d63a25929c93d
economist_tunisia_all,The special role of the Treasury market is in peril,2026-06-01,9a45142e131d8ee336ea971098f9215efe812b45
economist_tunisia_economy,The special role of the Treasury market is in peril,2026-06-01,9a45142e131d8ee336ea971098f9215efe812b45
economist_tunisia_economy,Kevin Warsh is struggling to escape his predecessor’s problems,2026-08-12,9b17867bead0c93fa6f735481085996bec98369f
economist_tunisia_all,Kevin Warsh is struggling to escape his predecessor’s problems,2026-08-12,9b17867bead0c93fa6f735481085996bec98369f
economist_tunisia_economy,A Frenchman at the helm,2007-09-29,9b2a8c22cdbd4e4f554f8be2a1dc7c252e266f74
economist_tunisia_all,A Frenchman at the helm,2007-09-29,9b2a8c22cdbd4e4f554f8be2a1dc7c252e266f74
economist_tunisia_economy,Venice’s new admission fee cannot curb overtourism,2024-05-13,9b35af2ca09e15fe4c2dccdd6b536c8f8ef02c75
economist_tunisia_all,Venice’s new admission fee cannot curb overtourism,2024-05-13,9b35af2ca09e15fe4c2dccdd6b536c8f8ef02c75
ilboursa,La Bourse de Tunis entame la semaine dans le vert,2016-05-23,9b40a04caea881cd3516cffc64df64b6d376c341
leconomistmaghrebin,La Bourse de Tunis entame la semaine dans le vert,2020-06-01,9b40a04caea881cd3516cffc64df64b6d376c341
ilboursa,La Bourse de Tunis entame la semaine dans le vert,2017-02-20,9b40a04caea881cd3516cffc64df64b6d376c341
ilboursa,La Bourse de Tunis entame la semaine dans le vert,2019-05-13,9b40a04caea881cd3516cffc64df64b6d376c341
ilboursa,La Bourse de Tunis entame la semaine dans le vert,2020-01-27,9b40a04caea881cd3516cffc64df64b6d376c341
ilboursa,La Bourse de Tunis entame la semaine dans le vert,2020-03-30,9b40a04caea881cd3516cffc64df64b6d376c341
economist_tunisia_all,How hot is America’s labour market?,2026-06-05,9b5635c1e8c3802fda154b3bbe7b4acd194b7c34
economist_tunisia_economy,How hot is America’s labour market?,2026-06-05,9b5635c1e8c3802fda154b3bbe7b4acd194b7c34
economist_tunisia_economy,How investors learned to live with inflation,2026-07-21,9b56e3557ad3683fe2f5bbfaaba0ea10e574f538
economist_tunisia_all,How investors learned to live with inflation,2026-07-21,9b56e3557ad3683fe2f5bbfaaba0ea10e574f538
economist_tunisia_all,Why AI is a risk to Communist China,2026-08-06,9b5fef50779c16326f37468bca19697614c5c9a1
economist_tunisia_economy,Why AI is a risk to Communist China,2026-08-06,9b5fef50779c16326f37468bca19697614c5c9a1
economist_tunisia_all,The White House’s absurd claim of a Chinese transshipment “scam”,2026-08-18,9bf11354ec3df02623f596a2e64d467e3c7cc19b
economist_tunisia_economy,The White House’s absurd claim of a Chinese transshipment “scam”,2026-08-18,9bf11354ec3df02623f596a2e64d467e3c7cc19b
economist_tunisia_economy,South-East Asia’s tourism industry is hobbled by uncertainty,2022-02-05,9ca9b4d69c10e70d3c7c4fb1c0a3370742719e1c
economist_tunisia_all,South-East Asia’s tourism industry is hobbled by uncertainty,2022-02-05,9ca9b4d69c10e70d3c7c4fb1c0a3370742719e1c
leconomistmaghrebin,Wafacash Tunisie élue Meilleur Service Client de l’Année 2025,2024-12-20,9cb2ded367414c4b5bb96828d1234da55c1f7919
ilboursa,Wafacash Tunisie élue Meilleur Service Client de l’Année 2025,2024-12-20,9cb2ded367414c4b5bb96828d1234da55c1f7919
economist_tunisia_economy,Donald Trump’s food-stamp overhaul is beginning to bite,2026-07-26,9d164f1ec6920703f8cfc814da7cac2babaaef71
economist_tunisia_all,Donald Trump’s food-stamp overhaul is beginning to bite,2026-07-26,9d164f1ec6920703f8cfc814da7cac2babaaef71
economist_tunisia_economy,When to worry,2010-03-24,9df5269851bcfa6e3cde3b29d1a6a71b54aef5ba
economist_tunisia_all,When to worry,2010-03-24,9df5269851bcfa6e3cde3b29d1a6a71b54aef5ba
kapitalis,La BNA lance sa nouvelle application de paiement mobile : DIGIPAY by BNA,2022-06-22,9df81eb897806fb4849c2452227688b6bb12841f
leconomistmaghrebin,La BNA lance sa nouvelle application de paiement mobile : DIGIPAY by BNA,2022-06-23,9df81eb897806fb4849c2452227688b6bb12841f
economist_tunisia_all,Pouring in,2015-08-29,9e38fe42180a62309f8eecc54aebfe5dbc1800d5
economist_tunisia_economy,Pouring in,2015-08-29,9e38fe42180a62309f8eecc54aebfe5dbc1800d5
economist_tunisia_economy,"Like it or not, hedge funds are a permanent part of the Treasury market",2026-06-01,9efc6384e7249fe279f31ff87daee56fb9e2d0b1
economist_tunisia_all,"Like it or not, hedge funds are a permanent part of the Treasury market",2026-06-01,9efc6384e7249fe279f31ff87daee56fb9e2d0b1
economist_tunisia_economy,India’s economy is not as big as economists thought,2026-03-05,9efcd3144f6cf5099033956da0428cc5bbe2117d
economist_tunisia_all,India’s economy is not as big as economists thought,2026-03-05,9efcd3144f6cf5099033956da0428cc5bbe2117d
economist_tunisia_economy,Angry young men,2012-06-23,9f2c00cd87dbcd4ba23c471ea89adca767af8756
economist_tunisia_all,Angry young men,2012-06-23,9f2c00cd87dbcd4ba23c471ea89adca767af8756
economist_tunisia_all,Can Germany’s economic recovery outrun the AfD?,2026-09-10,a00dd741793c567420b50f2b495397ddde2c48ce
economist_tunisia_economy,Can Germany’s economic recovery outrun the AfD?,2026-09-10,a00dd741793c567420b50f2b495397ddde2c48ce
economist_tunisia_all,An EU-Mercosur trade deal looks close to ratification,2025-11-04,a0dc4f47376ed9aede9a0f2188a6524f950e520f
economist_tunisia_economy,An EU-Mercosur trade deal looks close to ratification,2025-11-04,a0dc4f47376ed9aede9a0f2188a6524f950e520f
economist_tunisia_economy,Dirty business,2014-12-16,a0ec9b37dff7da7cb8a0bb08318f87c0f351d220
economist_tunisia_all,Dirty business,2014-12-16,a0ec9b37dff7da7cb8a0bb08318f87c0f351d220
economist_tunisia_economy,Out with the old?,2011-01-19,a14135b14284d18d062ce09d1e34d06a216da650
economist_tunisia_all,Out with the old?,2011-01-19,a14135b14284d18d062ce09d1e34d06a216da650
leconomistmaghrebin,La Bourse de Tunis débute la semaine en légère hausse,2019-08-05,a14192730df14c386cff66872374682de707a600
ilboursa,La Bourse de Tunis débute la semaine en légère hausse,2019-07-15,a14192730df14c386cff66872374682de707a600
ilboursa,La Bourse de Tunis débute la semaine en légère hausse,2019-02-18,a14192730df14c386cff66872374682de707a600
ilboursa,La Bourse de Tunis débute la semaine en légère hausse,2016-04-11,a14192730df14c386cff66872374682de707a600
kapitalis,El Amana Takaful devient Al Baraka Assurances,2026-01-02,a18db548c7613db339a6015d5c3664900ae8e101
ilboursa,El Amana Takaful devient Al Baraka Assurances,2026-01-06,a18db548c7613db339a6015d5c3664900ae8e101
economist_tunisia_economy,Could the 14th Amendment fix America’s debt-ceiling debacle?,2023-05-19,a1a10030ccbac2ca5156f057f00fdfc3bfd02449
economist_tunisia_all,Could the 14th Amendment fix America’s debt-ceiling debacle?,2023-05-19,a1a10030ccbac2ca5156f057f00fdfc3bfd02449
economist_tunisia_all,The new man at the Fund,2004-06-03,a1b29fe5c94f069e1550bbbe13002d2b80cd2050
economist_tunisia_economy,The new man at the Fund,2004-06-03,a1b29fe5c94f069e1550bbbe13002d2b80cd2050
economist_tunisia_economy,Watch out,2011-03-14,a1e3e9837dd08c43d7dda7462fab9ca1a5fc34fb
economist_tunisia_all,Watch out,2011-03-14,a1e3e9837dd08c43d7dda7462fab9ca1a5fc34fb
economist_tunisia_all,Watch out,2004-07-08,a1e3e9837dd08c43d7dda7462fab9ca1a5fc34fb
economist_tunisia_economy,Watch out,2004-07-08,a1e3e9837dd08c43d7dda7462fab9ca1a5fc34fb
economist_tunisia_all,The IMF is growing more picky about who it funds,2021-09-18,a1e463386d7bfcf383b2a76b10c797eab71576af
economist_tunisia_economy,The IMF is growing more picky about who it funds,2021-09-18,a1e463386d7bfcf383b2a76b10c797eab71576af
economist_tunisia_all,How House Republicans might fend off defeat,2026-09-16,a2d5295cc3e3ca9ba52eb23908994afc94babcf9
economist_tunisia_economy,How House Republicans might fend off defeat,2026-09-16,a2d5295cc3e3ca9ba52eb23908994afc94babcf9
economist_tunisia_economy,Why terrorism has a limited impact on markets,2015-11-16,a2e4994ea5635aeb36ec3c7102a3f933c8b73180
economist_tunisia_all,Why terrorism has a limited impact on markets,2015-11-16,a2e4994ea5635aeb36ec3c7102a3f933c8b73180
economist_tunisia_economy,A three-decade high in inflation sows concerns about America’s recovery,2021-11-10,a337256d2b58ff57afe85d1e74b66dcff9f07175
economist_tunisia_all,A three-decade high in inflation sows concerns about America’s recovery,2021-11-10,a337256d2b58ff57afe85d1e74b66dcff9f07175
economist_tunisia_economy,What Africa’s biggest IPO can do for its stock markets,2026-09-15,a345875a973a555a518567126e116641c91a459f
economist_tunisia_all,What Africa’s biggest IPO can do for its stock markets,2026-09-15,a345875a973a555a518567126e116641c91a459f
economist_tunisia_all,Hesitant revolutionaries,1999-03-18,a3503fee1252a653b144ff0086a1d9e82dbecd7f
economist_tunisia_economy,Hesitant revolutionaries,1999-03-18,a3503fee1252a653b144ff0086a1d9e82dbecd7f
ilboursa,La Banque du Japon devrait reporter la normalisation de ses taux directeurs,2024-02-05,a3fec27cc9a9bdda103cd70e5a75224e366619b7
leconomistmaghrebin,La Banque du Japon devrait reporter la normalisation de ses taux directeurs,2024-02-04,a3fec27cc9a9bdda103cd70e5a75224e366619b7
economist_tunisia_all,Signs of progress,2012-02-28,a41b2d773235f97cb39cbfe2cc413115a72e6e51
economist_tunisia_economy,Signs of progress,2012-02-28,a41b2d773235f97cb39cbfe2cc413115a72e6e51
economist_tunisia_all,A recession threatens Tunisia’s President Kais Saied,2022-02-17,a485de6036d61f44b1be1bcb780ec8ab25cab35a
economist_tunisia_economy,A recession threatens Tunisia’s President Kais Saied,2022-02-17,a485de6036d61f44b1be1bcb780ec8ab25cab35a
economist_tunisia_economy,Some Arab governments are rethinking harsh cannabis laws,2017-04-12,a4963712c05a9bb4387c4de94c942a89d7efdb86
economist_tunisia_all,Some Arab governments are rethinking harsh cannabis laws,2017-04-12,a4963712c05a9bb4387c4de94c942a89d7efdb86
economist_tunisia_economy,Donald Trump’s tariff threats defy geopolitical logic,2025-02-03,a4998683248cb8866f7f538df5da5cd56c77a281
economist_tunisia_all,Donald Trump’s tariff threats defy geopolitical logic,2025-02-03,a4998683248cb8866f7f538df5da5cd56c77a281
economist_tunisia_all,How African motorists are adapting to the fuel crunch,2026-07-23,a535bd5593aec3815fb7c9dd9fec2db98dab71a5
economist_tunisia_economy,How African motorists are adapting to the fuel crunch,2026-07-23,a535bd5593aec3815fb7c9dd9fec2db98dab71a5
economist_tunisia_economy,The EU and China are stumbling into a trade war,2026-05-12,a551d76b7b793273fba22491199eff812cb955fe
economist_tunisia_all,The EU and China are stumbling into a trade war,2026-05-12,a551d76b7b793273fba22491199eff812cb955fe
leconomistmaghrebin,Y a-t-il un espoir de croissance dans la zone euro en 2024?,2024-03-03,a6b82af016c1b002db04ea426ecf5adb400a4f5f
ilboursa,Y a-t-il un espoir de croissance dans la zone euro en 2024?,2024-03-03,a6b82af016c1b002db04ea426ecf5adb400a4f5f
economist_tunisia_all,"Despite 40 years of our Big Mac index, currencies are still mispriced",2026-07-30,a6f21ea0837fbe9e3e85127d10b0cfa6d5a5c27a
economist_tunisia_economy,"Despite 40 years of our Big Mac index, currencies are still mispriced",2026-07-30,a6f21ea0837fbe9e3e85127d10b0cfa6d5a5c27a
leconomistmaghrebin,Attijari bank : accompagnement de la diaspora 100% en ligne,2021-07-15,a72903a4cdd37b9466082c51191baa2dfc404cc7
ilboursa,Attijari bank : Accompagnement de la diaspora 100% en ligne,2021-07-15,a72903a4cdd37b9466082c51191baa2dfc404cc7
economist_tunisia_all,Big shot: does a cancer vaccine work?,2026-08-27,a730dfae4e408dfeaa2b0542373626a6fca1a47c
economist_tunisia_economy,Big shot: does a cancer vaccine work?,2026-08-27,a730dfae4e408dfeaa2b0542373626a6fca1a47c
economist_tunisia_all,Shrink this e-dollar,2012-12-20,a758affcddfee9ce7f2fc25c974d9253ee24f367
economist_tunisia_economy,Shrink this e-dollar,2012-12-20,a758affcddfee9ce7f2fc25c974d9253ee24f367
economist_tunisia_economy,The inflation picture,2010-09-17,a76e6372d97a1477380fac21e8f89dae23a75f82
economist_tunisia_all,The inflation picture,2010-09-17,a76e6372d97a1477380fac21e8f89dae23a75f82
economist_tunisia_all,Takaichi Sanae's big-spending plans are unnerving markets,2026-09-09,a7e36bce1c2b005f9e57bb1c89af248ad47354bb
economist_tunisia_economy,Takaichi Sanae's big-spending plans are unnerving markets,2026-09-09,a7e36bce1c2b005f9e57bb1c89af248ad47354bb
economist_tunisia_economy,Beyond goods and people,2013-06-05,a828786e6756979df452f796324b370f26a3ddd0
economist_tunisia_all,Beyond goods and people,2013-06-05,a828786e6756979df452f796324b370f26a3ddd0
economist_tunisia_economy,Trump and Xi will struggle to strike a major economic deal,2026-05-07,a861b2bb9f65d84a9cf40633104682abd132046a
economist_tunisia_all,Trump and Xi will struggle to strike a major economic deal,2026-05-07,a861b2bb9f65d84a9cf40633104682abd132046a
economist_tunisia_all,Dying to work for the government,2016-01-28,a8a7ecd7461efaf9e373de20169acfe606c13568
economist_tunisia_economy,Dying to work for the government,2016-01-28,a8a7ecd7461efaf9e373de20169acfe606c13568
economist_tunisia_all,Italy’s populist right looks menacing,2021-05-22,a91189633521eb1c18527633fa5fc33d24a3a78a
economist_tunisia_economy,Italy’s populist right looks menacing,2021-05-22,a91189633521eb1c18527633fa5fc33d24a3a78a
leconomistmaghrebin,"Zouhair Ouakaa, nouveau Directeur Général de la BTK",2021-09-28,a953b9cfdbf58f1b062b2ebaddfe6ac53d2196cc
ilboursa,"Zouhair OUAKAA, nouveau Directeur Général de la BTK",2021-09-28,a953b9cfdbf58f1b062b2ebaddfe6ac53d2196cc
economist_tunisia_economy,A trade war between the EU and China seems inevitable,2026-06-11,a9e0ec964a5b8a80e8c4e8615b4c4643081f1bde
economist_tunisia_all,A trade war between the EU and China seems inevitable,2026-06-11,a9e0ec964a5b8a80e8c4e8615b4c4643081f1bde
economist_tunisia_economy,A bidding war erupts for the world’s oldest bank,2026-06-08,a9f4ca15bf279b2966fb5007b5fea123e265132b
economist_tunisia_all,A bidding war erupts for the world’s oldest bank,2026-06-08,a9f4ca15bf279b2966fb5007b5fea123e265132b
economist_tunisia_economy,The geopolitics of air-conditioning,2026-07-23,aa0f1633996fca967dec2a3636036e35bbfc003a
economist_tunisia_all,The geopolitics of air-conditioning,2026-07-23,aa0f1633996fca967dec2a3636036e35bbfc003a
economist_tunisia_all,Not so great expectations,2012-12-03,aa8a4974cbe7f93ded2a48d9c0ac2ac8f19aef0c
economist_tunisia_economy,Not so great expectations,2012-12-03,aa8a4974cbe7f93ded2a48d9c0ac2ac8f19aef0c
economist_tunisia_all,Why is Russia deliberately weakening its currency?,2026-08-26,aac9b8b632aa9d0cb0a319bc56b6b2406ccbe49d
economist_tunisia_economy,Why is Russia deliberately weakening its currency?,2026-08-26,aac9b8b632aa9d0cb0a319bc56b6b2406ccbe49d
ilboursa,La Chambre de Commerce Tuniso-Coréenne voit le jour,2019-05-29,aad8d36bee48ae9fccde02bb7c5b2ee68f12c793
leconomistmaghrebin,La Chambre de commerce tuniso-coréenne voit le jour,2019-05-29,aad8d36bee48ae9fccde02bb7c5b2ee68f12c793
economist_tunisia_economy,Free-for-all,2013-06-01,ab23394037bac0b4ca40428bfea444198ba4dff0
economist_tunisia_all,Free-for-all,2013-06-01,ab23394037bac0b4ca40428bfea444198ba4dff0
economist_tunisia_economy,The US-China trade war is on hold,2018-12-02,ab3b96bac7d4e12164851b2a96fec8bedd766568
economist_tunisia_all,The US-China trade war is on hold,2018-12-02,ab3b96bac7d4e12164851b2a96fec8bedd766568
economist_tunisia_all,Turmoil in Tunis,2011-01-14,ab5e38d1d769d4baeee48e5c31e189ead6161136
economist_tunisia_economy,Turmoil in Tunis,2011-01-14,ab5e38d1d769d4baeee48e5c31e189ead6161136
economist_tunisia_economy,The literature of liberalism,2018-08-29,ab980120858ad4330bdfa30ab00d375d453e07b8
economist_tunisia_all,The literature of liberalism,2018-08-29,ab980120858ad4330bdfa30ab00d375d453e07b8
economist_tunisia_all,Have rates peaked?,2000-11-16,aba4f16818460b8426371cbf2b0847b7559ca239
economist_tunisia_economy,Have rates peaked?,2000-11-16,aba4f16818460b8426371cbf2b0847b7559ca239
leconomistmaghrebin,"TIM, nouveau représentant de la marque FOTON en Tunisie",2024-04-19,abcd459ccb55fa0ad8d4504d928f50582e5ce95d
ilboursa,"TIM, nouveau représentant de la marque FOTON en Tunisie",2024-04-19,abcd459ccb55fa0ad8d4504d928f50582e5ce95d
economist_tunisia_economy,Surging bond yields presage pain—and not just for bond investors,2026-09-11,abebe64a19d2f573315b7ed0e9d918e17ccf92a5
economist_tunisia_all,Surging bond yields presage pain—and not just for bond investors,2026-09-11,abebe64a19d2f573315b7ed0e9d918e17ccf92a5
economist_tunisia_all,How high can Red Bull fly?,2026-07-13,ac3a22064ed99f69bf53cca335cf533894eac1f8
economist_tunisia_economy,How high can Red Bull fly?,2026-07-13,ac3a22064ed99f69bf53cca335cf533894eac1f8
economist_tunisia_economy,America’s economy looks set to accelerate,2025-12-30,ac4cdaa7fa38f9897f91732d52a6090f1482469b
economist_tunisia_all,America’s economy looks set to accelerate,2025-12-30,ac4cdaa7fa38f9897f91732d52a6090f1482469b
economist_tunisia_economy,"Bertrand Delanoë, a Socialist mayor for Paris?",2001-02-15,acc061e3743bab0e737d14bb8713a456871b96ef
economist_tunisia_all,"Bertrand Delanoë, a Socialist mayor for Paris?",2001-02-15,acc061e3743bab0e737d14bb8713a456871b96ef
leconomistmaghrebin,Des agents de voyages du Canada en visite en Tunisie,2015-11-18,ad64a624a4e09d75d8b65002799dcb38aca51046
kapitalis,Des agents de voyages du Canada en visite en Tunisie,2015-11-18,ad64a624a4e09d75d8b65002799dcb38aca51046
economist_tunisia_all,Everyday low prices,2010-04-22,ada631ac7671c1564c97e3256e9cf4737a82abf1
economist_tunisia_economy,Everyday low prices,2010-04-22,ada631ac7671c1564c97e3256e9cf4737a82abf1
leconomistmaghrebin,Air Liquide Tunisie : augmentation de capital annoncée,2020-11-04,ade7d94fe53201f8f6e8cd898ef1e8a937470b1e
ilboursa,Air Liquide Tunisie : Augmentation de capital annoncée,2017-09-15,ade7d94fe53201f8f6e8cd898ef1e8a937470b1e
ilboursa,Air Liquide Tunisie : Augmentation de capital annoncée,2018-09-25,ade7d94fe53201f8f6e8cd898ef1e8a937470b1e
lapresse,La BH Bank maintient pour la troisième année consécutive sa certification ISO 9001 pour son activité « Opérations à l’International »,2026-07-06,ae2d9a137f449f423c9ff7e35dd34d6e96a20642
leconomistmaghrebin,La BH Bank maintient pour la troisième année consécutive sa certification ISO 9001 pour son activité « Opérations à l’International »,2026-07-06,ae2d9a137f449f423c9ff7e35dd34d6e96a20642
economist_tunisia_all,Lebanon’s president wants to enlist Donald Trump in rebuilding the country,2026-07-20,aea7c8f24beb3a8894a49bafa4b5be9285ec2b2f
economist_tunisia_economy,Lebanon’s president wants to enlist Donald Trump in rebuilding the country,2026-07-20,aea7c8f24beb3a8894a49bafa4b5be9285ec2b2f
leconomistmaghrebin,La BTS Bank fait du leasing son nouveau fer de lance,2019-10-04,aeb48c65a415d57d966a89ff91d4212082aa3081
ilboursa,La BTS Bank fait du leasing son nouveau fer de lance,2019-10-04,aeb48c65a415d57d966a89ff91d4212082aa3081
economist_tunisia_economy,Japan pursues an ill-timed fiscal stimulus,2026-07-30,aef9ea03ce5b3a69a75ad832bee942f49e9d6f12
economist_tunisia_all,Japan pursues an ill-timed fiscal stimulus,2026-07-30,aef9ea03ce5b3a69a75ad832bee942f49e9d6f12
economist_tunisia_all,America avoids financial Armageddon but stays in fiscal hell,2023-06-01,af0d527532c001fd4cc0bd91745b125971960656
economist_tunisia_economy,America avoids financial Armageddon but stays in fiscal hell,2023-06-01,af0d527532c001fd4cc0bd91745b125971960656
economist_tunisia_all,The 2015 Nobel peace prize winner,2015-10-09,af0f90e38a683e97011014d464a1331e5f8b6000
economist_tunisia_economy,The 2015 Nobel peace prize winner,2015-10-09,af0f90e38a683e97011014d464a1331e5f8b6000
economist_tunisia_all,China’s tropical free-trade experiment,2026-03-03,af2c9e4d1f0aaa17d99aada10441ec125749e608
economist_tunisia_economy,China’s tropical free-trade experiment,2026-03-03,af2c9e4d1f0aaa17d99aada10441ec125749e608
economist_tunisia_economy,Europe averts its Trumpian trade nightmare,2025-07-28,af64e8a2e9f6be7a7513073fe189d6fae2308839
economist_tunisia_all,Europe averts its Trumpian trade nightmare,2025-07-28,af64e8a2e9f6be7a7513073fe189d6fae2308839
economist_tunisia_all,The collapse of a Brazilian bank ensnares politicians and judges,2026-01-22,af86593e44a50b7b755f9a1844623e2311b6f150
economist_tunisia_economy,The collapse of a Brazilian bank ensnares politicians and judges,2026-01-22,af86593e44a50b7b755f9a1844623e2311b6f150
leconomistmaghrebin,La Tunisie mise à l’honneur sur la scène internationale d’Euronext,2026-06-29,afc1311078fac450cbc41b2d634a1ffacec6ddef
lapresse,La Tunisie mise à l’honneur sur la scène internationale d’Euronext,2026-06-29,afc1311078fac450cbc41b2d634a1ffacec6ddef
economist_tunisia_economy,The Economist is hiring a Senior Audience Editor for newsletters,2026-08-27,b0569976a9ee982a3c9935e08446f5652d3af539
economist_tunisia_all,The Economist is hiring a Senior Audience Editor for newsletters,2026-08-27,b0569976a9ee982a3c9935e08446f5652d3af539
economist_tunisia_all,Elon Musk: Money won’t matter in 10 years,2026-07-27,b0cd41b8210d8aaf34b20e1517760e5084580c85
economist_tunisia_economy,Elon Musk: Money won’t matter in 10 years,2026-07-27,b0cd41b8210d8aaf34b20e1517760e5084580c85
economist_tunisia_all,Is India the fourth- or fifth-biggest economy? It does not matter,2026-03-08,b139d4316e51cae4ea26ee955e57d593900528ab
economist_tunisia_economy,Is India the fourth- or fifth-biggest economy? It does not matter,2026-03-08,b139d4316e51cae4ea26ee955e57d593900528ab
economist_tunisia_all,Point and counterpoint,2010-07-15,b18b321042c5f40cbbb5a347dc0df5def4fac00c
economist_tunisia_economy,Point and counterpoint,2010-07-15,b18b321042c5f40cbbb5a347dc0df5def4fac00c
economist_tunisia_economy,Europe and South America seal a trade pact for the Trump era,2026-01-11,b23092ce55d865b610dfdad8b69a45154e43a226
economist_tunisia_all,Europe and South America seal a trade pact for the Trump era,2026-01-11,b23092ce55d865b610dfdad8b69a45154e43a226
economist_tunisia_all,Christmas market deaths in Germany,2016-12-19,b25cfe7e1707b67f57db322eeff3adc344bad7b7
economist_tunisia_economy,Christmas market deaths in Germany,2016-12-19,b25cfe7e1707b67f57db322eeff3adc344bad7b7
economist_tunisia_all,The president welcomes debt reduction,2011-04-15,b27f288bc62c8b3fe6931f683af8e4de553752e6
economist_tunisia_economy,The president welcomes debt reduction,2011-04-15,b27f288bc62c8b3fe6931f683af8e4de553752e6
economist_tunisia_economy,Bad but not shocking,2011-02-15,b36c44501c06870a2dd4fdbfbddd33a8e5440126
economist_tunisia_all,Bad but not shocking,2011-02-15,b36c44501c06870a2dd4fdbfbddd33a8e5440126
economist_tunisia_all,Arab spring break,2013-05-04,b373172d6beaeb9031b23ab1aa3b0dc9c070ff36
economist_tunisia_economy,Arab spring break,2013-05-04,b373172d6beaeb9031b23ab1aa3b0dc9c070ff36
ilboursa,La BCT met en circulation trois nouvelles pièces de monnaie,2024-07-08,b4049fdebc5cfb003b8035c5826109433f79242b
leconomistmaghrebin,La BCT met en circulation trois nouvelles pièces de monnaie,2024-07-08,b4049fdebc5cfb003b8035c5826109433f79242b
economist_tunisia_economy,Europe’s long-awaited free-trade deal with India,2026-01-25,b468f0a108fe60e5528fc3d9802a8e72befe0390
economist_tunisia_all,Europe’s long-awaited free-trade deal with India,2026-01-25,b468f0a108fe60e5528fc3d9802a8e72befe0390
economist_tunisia_all,After DSK,2011-06-09,b46d192e88562a725696ac82d69a5690e36d423c
economist_tunisia_economy,After DSK,2011-06-09,b46d192e88562a725696ac82d69a5690e36d423c
economist_tunisia_economy,"Championing global trade is in America’s national interest, says Evan Greenberg",2022-08-31,b474f5219756ddbd956b72c043b84e2a98c7281a
economist_tunisia_all,"Championing global trade is in America’s national interest, says Evan Greenberg",2022-08-31,b474f5219756ddbd956b72c043b84e2a98c7281a
economist_tunisia_all,Selling the family gold,2008-04-10,b4c4f6d2e5f883e3169536d7dbef3c60a03dddfe
economist_tunisia_economy,Selling the family gold,2008-04-10,b4c4f6d2e5f883e3169536d7dbef3c60a03dddfe
economist_tunisia_economy,IMF leeway,2009-05-13,b559dc0dc0286460b702d31729ce731660b183a5
economist_tunisia_all,IMF leeway,2009-05-13,b559dc0dc0286460b702d31729ce731660b183a5
economist_tunisia_economy,"While Ukraine is under fire, corruption and political chaos abound",2026-08-24,b58b1869d6f91ee7d6e71bc53ab59f7404dbd302
economist_tunisia_all,"While Ukraine is under fire, corruption and political chaos abound",2026-08-24,b58b1869d6f91ee7d6e71bc53ab59f7404dbd302
economist_tunisia_economy,Bond vigilantes take aim at France,2025-09-04,b59c4f923b9369bc8190d1a8e615207e4f5e1bd5
economist_tunisia_all,Bond vigilantes take aim at France,2025-09-04,b59c4f923b9369bc8190d1a8e615207e4f5e1bd5
economist_tunisia_economy,Light-weight BRICS,2011-06-06,b5ada8ed998db1bcf6c50c306b88c8db7d42dad3
economist_tunisia_all,Light-weight BRICS,2011-06-06,b5ada8ed998db1bcf6c50c306b88c8db7d42dad3
economist_tunisia_all,Fear and goading in the West Bank,2023-11-15,b5d000b234e65677bb2440a1bb45a4c346bc9133
economist_tunisia_economy,Fear and goading in the West Bank,2023-11-15,b5d000b234e65677bb2440a1bb45a4c346bc9133
economist_tunisia_economy,Mark Carney is on a mission to trade with the world,2026-01-15,b5f5dcee89057cc14ae1ea2098f867fb133afa94
economist_tunisia_all,Mark Carney is on a mission to trade with the world,2026-01-15,b5f5dcee89057cc14ae1ea2098f867fb133afa94
economist_tunisia_all,"No thanks, IMF",1997-10-30,b5ffe94871de593d231df7c620b0723209f15b20
economist_tunisia_economy,"No thanks, IMF",1997-10-30,b5ffe94871de593d231df7c620b0723209f15b20
economist_tunisia_all,What Andy Burnham gets wrong about Britain,2026-07-28,b64936e1c9b4a2ee127fc44427739c65b5988e06
economist_tunisia_economy,What Andy Burnham gets wrong about Britain,2026-07-28,b64936e1c9b4a2ee127fc44427739c65b5988e06
economist_tunisia_all,Gay people are reclaiming an Islamic heritage,2021-05-27,b67232c44290390e85756f724325b76469119c9f
economist_tunisia_economy,Gay people are reclaiming an Islamic heritage,2021-05-27,b67232c44290390e85756f724325b76469119c9f
economist_tunisia_economy,Game of Thrones-themed tourism is coming,2019-06-22,b69367bdd005e2ebf4f94d728647968acd779f15
economist_tunisia_all,Game of Thrones-themed tourism is coming,2019-06-22,b69367bdd005e2ebf4f94d728647968acd779f15
kapitalis,La Biat lance sa nouvelle offre digitale MyBiat,2022-03-02,b6c40c5436a598436a4aafe45ec38ff9c65c4522
ilboursa,La BIAT lance sa nouvelle offre digitale MyBIAT,2022-03-02,b6c40c5436a598436a4aafe45ec38ff9c65c4522
economist_tunisia_all,Could something replace the Treasury market?,2026-06-01,b6ef4e217f1e3628e35806d8a650b54fad8a88c6
economist_tunisia_economy,Could something replace the Treasury market?,2026-06-01,b6ef4e217f1e3628e35806d8a650b54fad8a88c6
economist_tunisia_economy,Chainsaw sputtering: Milei’s experiment falters,2026-09-09,b6fc0626aec2c951fff9e0a2ba276f7bf186fa32
economist_tunisia_all,Chainsaw sputtering: Milei’s experiment falters,2026-09-09,b6fc0626aec2c951fff9e0a2ba276f7bf186fa32
economist_tunisia_all,A nimble mind,2015-05-14,b710e6f603caa36bbccc5f00e4138f02b6cef092
economist_tunisia_economy,A nimble mind,2015-05-14,b710e6f603caa36bbccc5f00e4138f02b6cef092
ilboursa,Electrostar : Augmentation de capital réalisée à hauteur de 75%,2017-08-02,b76d4496c59b1993bb32a0d7ca5f6656d9649316
kapitalis,Electrostar : Augmentation de capital réalisée à hauteur de 75%,2017-08-03,b76d4496c59b1993bb32a0d7ca5f6656d9649316
economist_tunisia_economy,Why Donald Trump’s tariffs are failing to break global trade,2025-10-08,b7e6fe59c5a0e523d6654f4e2904acf7a454dcdb
economist_tunisia_all,Why Donald Trump’s tariffs are failing to break global trade,2025-10-08,b7e6fe59c5a0e523d6654f4e2904acf7a454dcdb
ilboursa,La Bourse de Tunis termine la semaine dans le vert,2017-02-24,b870c3fd87c225f2d5b82a959ec8a2269af644b8
ilboursa,La Bourse de Tunis termine la semaine dans le vert,2016-03-25,b870c3fd87c225f2d5b82a959ec8a2269af644b8
ilboursa,La Bourse de Tunis termine la semaine dans le vert,2018-11-16,b870c3fd87c225f2d5b82a959ec8a2269af644b8
ilboursa,La Bourse de Tunis termine la semaine dans le vert,2019-12-27,b870c3fd87c225f2d5b82a959ec8a2269af644b8
ilboursa,La Bourse de Tunis termine la semaine dans le vert,2015-02-13,b870c3fd87c225f2d5b82a959ec8a2269af644b8
ilboursa,La Bourse de Tunis termine la semaine dans le vert,2014-04-04,b870c3fd87c225f2d5b82a959ec8a2269af644b8
leconomistmaghrebin,La bourse de Tunis termine la semaine dans le vert,2024-08-30,b870c3fd87c225f2d5b82a959ec8a2269af644b8
ilboursa,La Bourse de Tunis termine la semaine dans le vert,2016-09-23,b870c3fd87c225f2d5b82a959ec8a2269af644b8
ilboursa,La Bourse de Tunis termine la semaine dans le vert,2014-05-16,b870c3fd87c225f2d5b82a959ec8a2269af644b8
ilboursa,La Bourse de Tunis termine la semaine dans le vert,2014-02-28,b870c3fd87c225f2d5b82a959ec8a2269af644b8
ilboursa,La Bourse de Tunis termine la semaine dans le vert,2014-07-04,b870c3fd87c225f2d5b82a959ec8a2269af644b8
ilboursa,La Bourse de Tunis termine la semaine dans le vert,2017-01-13,b870c3fd87c225f2d5b82a959ec8a2269af644b8
leconomistmaghrebin,La Bourse de Tunis termine la semaine dans le vert,2017-11-25,b870c3fd87c225f2d5b82a959ec8a2269af644b8
ilboursa,La Bourse de Tunis termine la semaine dans le vert,2018-05-04,b870c3fd87c225f2d5b82a959ec8a2269af644b8
economist_tunisia_economy,The rise of retrofuturism,2026-09-09,b96d01f26cb796a065b6b4c65ae6b9a07358fd9a
economist_tunisia_all,The rise of retrofuturism,2026-09-09,b96d01f26cb796a065b6b4c65ae6b9a07358fd9a
economist_tunisia_economy,The new order of trade,2021-10-06,b9a19d1c2f6320cfca27763b029abc79136114d9
economist_tunisia_all,The new order of trade,2021-10-06,b9a19d1c2f6320cfca27763b029abc79136114d9
economist_tunisia_economy,Iran will be able to shrug off America’s financial threats,2026-08-24,ba2f3b1a1041be16c221e5e40272383be925ea81
economist_tunisia_all,Iran will be able to shrug off America’s financial threats,2026-08-24,ba2f3b1a1041be16c221e5e40272383be925ea81
economist_tunisia_all,Even-more-maximum pressure: sanctions on Iran,2026-08-25,ba3b2b86b1f1e32a53a7d60a8b8ac540adf918bc
economist_tunisia_economy,Even-more-maximum pressure: sanctions on Iran,2026-08-25,ba3b2b86b1f1e32a53a7d60a8b8ac540adf918bc
economist_tunisia_economy,Mark Carney must beware an all-out trade war,2026-08-25,ba9a391a1bc9e19f6817f469c7fab93d795cab8a
economist_tunisia_all,Mark Carney must beware an all-out trade war,2026-08-25,ba9a391a1bc9e19f6817f469c7fab93d795cab8a
economist_tunisia_all,Why the IMF should bail out a serial deadbeat,2025-04-03,ba9d29c38e3dd40f569a79102dcab4a8d4c54f72
economist_tunisia_economy,Why the IMF should bail out a serial deadbeat,2025-04-03,ba9d29c38e3dd40f569a79102dcab4a8d4c54f72
economist_tunisia_all,"To save Britain’s economy, Andy Burnham needs to be tougher",2026-06-24,baa3eba43ee2ce9e5333922f5ae542c1023bc8f8
economist_tunisia_economy,"To save Britain’s economy, Andy Burnham needs to be tougher",2026-06-24,baa3eba43ee2ce9e5333922f5ae542c1023bc8f8
economist_tunisia_economy,Global imbalances are back. Who’s to blame?,2026-04-16,baaea8dfbfc189069edaff86ef4aeab46d8c3a0c
economist_tunisia_all,Global imbalances are back. Who’s to blame?,2026-04-16,baaea8dfbfc189069edaff86ef4aeab46d8c3a0c
economist_tunisia_all,The IRS is going after America Inc’s overseas profits,2026-09-03,bad0402ab65b873b6887ed9c8a5f29b253d8d6e7
economist_tunisia_economy,The IRS is going after America Inc’s overseas profits,2026-09-03,bad0402ab65b873b6887ed9c8a5f29b253d8d6e7
economist_tunisia_all,Funding the fund,2007-02-01,bbcff9638bbc85d9dfb6a6a19b83cead56e60633
economist_tunisia_economy,Funding the fund,2007-02-01,bbcff9638bbc85d9dfb6a6a19b83cead56e60633
economist_tunisia_economy,The Iran war meant an economic crisis for Africa,2026-06-18,bbe08ad7cd8ab806eeae70de296de3bdf95a027b
economist_tunisia_all,The Iran war meant an economic crisis for Africa,2026-06-18,bbe08ad7cd8ab806eeae70de296de3bdf95a027b
economist_tunisia_economy,Mission: possible,2009-04-08,bc2744aa7f97d8ce43df38d1ebaedfe46fc3d746
economist_tunisia_all,Mission: possible,2009-04-08,bc2744aa7f97d8ce43df38d1ebaedfe46fc3d746
economist_tunisia_economy,"The Economist’s cover designer, Graeme James, has died, aged 65",2026-07-23,bc7703438c9be252923e756091d2d1c4268a3247
economist_tunisia_all,"The Economist’s cover designer, Graeme James, has died, aged 65",2026-07-23,bc7703438c9be252923e756091d2d1c4268a3247
kapitalis,Baobab Tunisie et Bouebdelli Education Group signent un accord de partenariat stratégique,2020-10-14,bcaff3a70822eb1835b001bc7d0911e586736c41
ilboursa,Baobab Tunisie et Bouebdelli Education Group signent un accord de partenariat stratégique,2020-09-15,bcaff3a70822eb1835b001bc7d0911e586736c41
economist_tunisia_economy,Sources,2025-11-07,bce16dd0260827ecf338c787f1206f77860cacc5
economist_tunisia_all,Sources,2025-11-07,bce16dd0260827ecf338c787f1206f77860cacc5
economist_tunisia_all,The World Bank has ditched its climate targets,2026-07-06,bd03b193b82ad2f614ccb88fc15dc994f1cc40fd
economist_tunisia_economy,The World Bank has ditched its climate targets,2026-07-06,bd03b193b82ad2f614ccb88fc15dc994f1cc40fd
lapresse,"Ooredoo Tunisie, Sponsor Officiel de la 50ᵉ édition du Festival International de Dougga",2026-04-21,bd5129110ed81c8ecc7911678d14fa0feec50cb6
leconomistmaghrebin,"Ooredoo Tunisie, Sponsor Officiel de la 50ᵉ édition du Festival International de Dougga",2026-04-21,bd5129110ed81c8ecc7911678d14fa0feec50cb6
economist_tunisia_economy,Economic growth is unlikely to prevent fiscal crisis,2025-10-13,bd5b2c7d1c5fe1a038614b50862fd4550cdd3198
economist_tunisia_all,Economic growth is unlikely to prevent fiscal crisis,2025-10-13,bd5b2c7d1c5fe1a038614b50862fd4550cdd3198
ilboursa,La BCT maintient son taux directeur inchangé à 8%,2023-10-19,bddd044f3be7657324db519213dc084d887d7ccc
ilboursa,La BCT maintient son taux directeur inchangé à 8%,2023-06-16,bddd044f3be7657324db519213dc084d887d7ccc
leconomistmaghrebin,La BCT maintient son taux directeur inchangé à 8%,2023-09-07,bddd044f3be7657324db519213dc084d887d7ccc
ilboursa,La BCT maintient son taux directeur inchangé à 8%,2023-09-07,bddd044f3be7657324db519213dc084d887d7ccc
leconomistmaghrebin,La BCT maintient son taux directeur inchangé à 8%,2023-12-11,bddd044f3be7657324db519213dc084d887d7ccc
economist_tunisia_all,The plot thickens over Iraq’s bank heist,2023-08-10,be2b9b22e94a273c91c6866a74d86836c37df938
economist_tunisia_economy,The plot thickens over Iraq’s bank heist,2023-08-10,be2b9b22e94a273c91c6866a74d86836c37df938
economist_tunisia_economy,Westerners are fleeing their countries in record numbers,2026-03-22,be39f9cc48199c71b347f9934638b73a545a9c71
economist_tunisia_all,Westerners are fleeing their countries in record numbers,2026-03-22,be39f9cc48199c71b347f9934638b73a545a9c71
leconomistmaghrebin,Que pourrait faire la Réserve fédérale américaine face aux craintes de récession ?,2025-04-13,be532dad266217745c9717349e3e87c876073154
ilboursa,Que pourrait faire la Réserve fédérale américaine face aux craintes de récession ?,2025-04-13,be532dad266217745c9717349e3e87c876073154
economist_tunisia_economy,How stretched is the American consumer?,2026-06-21,bef9f1cbb179352fb41255ca5ec89d15457de7b7
economist_tunisia_all,How stretched is the American consumer?,2026-06-21,bef9f1cbb179352fb41255ca5ec89d15457de7b7
economist_tunisia_economy,Is Scott Bessent the Fed chair Donald Trump always wanted?,2026-08-23,bf0d7002b2bc382e801936e219f4e60430bccea0
economist_tunisia_all,Is Scott Bessent the Fed chair Donald Trump always wanted?,2026-08-23,bf0d7002b2bc382e801936e219f4e60430bccea0
economist_tunisia_economy,An uphill struggle,2013-07-25,bf42393c602144e345f94d2ea1d904173a48c11e
economist_tunisia_all,An uphill struggle,2013-07-25,bf42393c602144e345f94d2ea1d904173a48c11e
economist_tunisia_economy,Iran’s battered economy will take years to recover from the war,2026-06-17,bf651a49f1354830d06a06a5eda0da2cd65ded88
economist_tunisia_all,Iran’s battered economy will take years to recover from the war,2026-06-17,bf651a49f1354830d06a06a5eda0da2cd65ded88
leconomistmaghrebin,Le Conseil Bancaire et Financier s’engage en faveur de la BIODEV2030,2022-12-02,bf6b0222edeb91e25b2f3afa383d004e554a2357
ilboursa,Le Conseil Bancaire et Financier s’engage en faveur de la BIODEV2030,2022-12-02,bf6b0222edeb91e25b2f3afa383d004e554a2357
economist_tunisia_all,Pulling them in,2009-09-03,bf8ed3316a0502c7a35597d8f6340aade6cacd80
economist_tunisia_economy,Pulling them in,2009-09-03,bf8ed3316a0502c7a35597d8f6340aade6cacd80
economist_tunisia_all,Rates are rising at unprecedented speed. When will they bite?,2022-10-13,bfbdeea94ad6c373ee8a5e9c13aa095fd136b40a
economist_tunisia_economy,Rates are rising at unprecedented speed. When will they bite?,2022-10-13,bfbdeea94ad6c373ee8a5e9c13aa095fd136b40a
economist_tunisia_economy,A few things to remember about debt,2011-07-15,bfe3dbb2f932893e9f671d9b8eb3929ced57c721
economist_tunisia_all,A few things to remember about debt,2011-07-15,bfe3dbb2f932893e9f671d9b8eb3929ced57c721
economist_tunisia_all,"Politicians and the IMF are failing Pakistan’s most vulnerable, laments Murtaza Syed",2023-03-28,c046f875d17c6de83006a0c0d313d382655add48
economist_tunisia_economy,"Politicians and the IMF are failing Pakistan’s most vulnerable, laments Murtaza Syed",2023-03-28,c046f875d17c6de83006a0c0d313d382655add48
leconomistmaghrebin,QNB Tunisia s’associe à Century 21 pour offrir une expérience exclusive de financement immobilier,2025-08-21,c0500b804f9be505a984f4a90860993c38bfe151
ilboursa,QNB Tunisia s’associe à Century 21 pour offrir une expérience exclusive de financement immobilier,2025-08-21,c0500b804f9be505a984f4a90860993c38bfe151
economist_tunisia_economy,The IMF hands Mauricio Macri a vote of confidence,2018-06-08,c099caf941afeba381921ef339764c2352e8ff82
economist_tunisia_all,The IMF hands Mauricio Macri a vote of confidence,2018-06-08,c099caf941afeba381921ef339764c2352e8ff82
economist_tunisia_economy,Why Indians are unhappy about 7.8% economic growth,2026-09-13,c0d28f30d2af1aa94e37fb885b4813fe184ef2f6
economist_tunisia_all,Why Indians are unhappy about 7.8% economic growth,2026-09-13,c0d28f30d2af1aa94e37fb885b4813fe184ef2f6
economist_tunisia_economy,Hotting up,2011-01-11,c0e11d47c2bbd69a7e30d4bf249f91fd563863a3
economist_tunisia_all,Hotting up,2011-01-11,c0e11d47c2bbd69a7e30d4bf249f91fd563863a3
economist_tunisia_all,Wacky races,2003-08-21,c14a30dd70e73a8df36ac5d9ed6a9e5bbe1b420c
economist_tunisia_economy,Wacky races,2003-08-21,c14a30dd70e73a8df36ac5d9ed6a9e5bbe1b420c
economist_tunisia_all,Kevin Warsh should raise interest rates,2026-09-10,c174d786490557f905754b405e5011b1976f04f6
economist_tunisia_economy,Kevin Warsh should raise interest rates,2026-09-10,c174d786490557f905754b405e5011b1976f04f6
economist_tunisia_all,Why bond markets are unnerving rich-world politicians,2026-08-19,c18f22221a727becc4ac61f78fd8c3d836778c97
economist_tunisia_economy,Why bond markets are unnerving rich-world politicians,2026-08-19,c18f22221a727becc4ac61f78fd8c3d836778c97
economist_tunisia_all,Time for a change,2011-05-26,c2402f2f7432bb481f335601fd4d8e9c5e8e8f99
economist_tunisia_economy,Time for a change,2011-05-26,c2402f2f7432bb481f335601fd4d8e9c5e8e8f99
economist_tunisia_all,Israeli settlers are growing more violent in the West Bank,2026-03-26,c27f8f350f54d9d766f1c1e1e3dc856c5bdba928
economist_tunisia_economy,Israeli settlers are growing more violent in the West Bank,2026-03-26,c27f8f350f54d9d766f1c1e1e3dc856c5bdba928
economist_tunisia_economy,What investment gurus get wrong,2026-07-14,c2e67bc5ef4fc2e453641fa4b60b8c2b790f3524
economist_tunisia_all,What investment gurus get wrong,2026-07-14,c2e67bc5ef4fc2e453641fa4b60b8c2b790f3524
economist_tunisia_economy,Why India triumphed at Venice and flopped in Osaka,2026-08-09,c2ea4515912820e19dca749f9a41903722956f26
economist_tunisia_all,Why India triumphed at Venice and flopped in Osaka,2026-08-09,c2ea4515912820e19dca749f9a41903722956f26
economist_tunisia_all,Arab tourism to Israel is still thwarted by politics and Palestine,2023-04-20,c3587f2166de5f1d2b19b4882d1cc83d4f61013c
economist_tunisia_economy,Arab tourism to Israel is still thwarted by politics and Palestine,2023-04-20,c3587f2166de5f1d2b19b4882d1cc83d4f61013c
economist_tunisia_economy,Intrigue at the IMF,2010-08-26,c38c187cdc106fafebeee72bbb73397e032e4f81
economist_tunisia_all,Intrigue at the IMF,2010-08-26,c38c187cdc106fafebeee72bbb73397e032e4f81
economist_tunisia_economy,Arab states are loading up on debt,2020-11-05,c3efa53f19f45ad11a58739e7ffeddd6182b3b5b
economist_tunisia_all,Arab states are loading up on debt,2020-11-05,c3efa53f19f45ad11a58739e7ffeddd6182b3b5b
economist_tunisia_all,Why do tourists visit sites of atrocities?,2025-12-04,c4198d839dbc73e803025abd015442930d95b0e2
economist_tunisia_economy,Why do tourists visit sites of atrocities?,2025-12-04,c4198d839dbc73e803025abd015442930d95b0e2
economist_tunisia_all,The economic costs of Donald Trump’s immigration crackdown,2026-08-27,c424f279b939d0efa4619a2f2c832774c9a3131f
economist_tunisia_economy,The economic costs of Donald Trump’s immigration crackdown,2026-08-27,c424f279b939d0efa4619a2f2c832774c9a3131f
economist_tunisia_all,Are stablecoins money?,2026-07-02,c43646493f8ea4e5cdee77b0e0c7e542a82c2dcb
economist_tunisia_economy,Are stablecoins money?,2026-07-02,c43646493f8ea4e5cdee77b0e0c7e542a82c2dcb
economist_tunisia_economy,Joy of the outback,2008-12-18,c4c21a5b8412185eadda199c54ccba893df008d0
economist_tunisia_all,Joy of the outback,2008-12-18,c4c21a5b8412185eadda199c54ccba893df008d0
economist_tunisia_economy,Are commodity prices heading down?,2011-05-02,c4d7dfded14e9d3366acc38e24e4764cacd0f461
economist_tunisia_all,Are commodity prices heading down?,2011-05-02,c4d7dfded14e9d3366acc38e24e4764cacd0f461
economist_tunisia_all,Indian regulators’ attempts to protect retail traders are backfiring,2026-09-03,c51ab0f4fc56f2264ddf4aeb3d067d1c48883373
economist_tunisia_economy,Indian regulators’ attempts to protect retail traders are backfiring,2026-09-03,c51ab0f4fc56f2264ddf4aeb3d067d1c48883373
economist_tunisia_all,Inflation and renewable energy,2011-02-07,c587f444005b95fdee59e953eaa0f059e5fc6b50
economist_tunisia_economy,Inflation and renewable energy,2011-02-07,c587f444005b95fdee59e953eaa0f059e5fc6b50
economist_tunisia_all,Violent Israeli settlers want to provoke a Palestinian uprising,2026-08-17,c703f2f429c7991b90cb003c914b96cbadd97f89
economist_tunisia_economy,Violent Israeli settlers want to provoke a Palestinian uprising,2026-08-17,c703f2f429c7991b90cb003c914b96cbadd97f89
economist_tunisia_all,Six books to understand the financial crisis of 2007-09,2026-06-29,c7059e34303ac222c24cc7088a1db6dc9c300b69
economist_tunisia_economy,Six books to understand the financial crisis of 2007-09,2026-06-29,c7059e34303ac222c24cc7088a1db6dc9c300b69
economist_tunisia_all,A tonne of public debt is never made public,2024-10-03,c7118c7625535b410dd521b61d53c29237332db0
economist_tunisia_economy,A tonne of public debt is never made public,2024-10-03,c7118c7625535b410dd521b61d53c29237332db0
economist_tunisia_all,Retail investors should beware perpetual futures,2026-07-28,c801adfee144164cbe5a397a0fa2b93659b786c0
economist_tunisia_economy,Retail investors should beware perpetual futures,2026-07-28,c801adfee144164cbe5a397a0fa2b93659b786c0
economist_tunisia_all,A quick fix,2008-11-01,c830ed77834409ae0ca80b018591362d1794d19d
economist_tunisia_economy,A quick fix,2008-11-01,c830ed77834409ae0ca80b018591362d1794d19d
economist_tunisia_all,"America’s debt cannot keep stacking up, says Jeffrey Gundlach",2024-12-13,ca0740217899ba901ed44dc1af3464c22a476520
economist_tunisia_economy,"America’s debt cannot keep stacking up, says Jeffrey Gundlach",2024-12-13,ca0740217899ba901ed44dc1af3464c22a476520
economist_tunisia_economy,The debt ceiling and default,2011-01-13,cb2e2addfab69825654a3e21b7fc933d852b203f
economist_tunisia_all,The debt ceiling and default,2011-01-13,cb2e2addfab69825654a3e21b7fc933d852b203f
economist_tunisia_economy,Where should you move for higher pay?,2026-07-21,cb682f4e05cb633da64757ef264f95130948a93e
economist_tunisia_all,Where should you move for higher pay?,2026-07-21,cb682f4e05cb633da64757ef264f95130948a93e
leconomistmaghrebin,CEED Tunisie : innover et s’internationaliser pour propulser l’entrepreneuriat tunisien,2025-03-05,cb9407b50fe947b0b93d237a1a9fdf2187551a1f
lapresse,CEED Tunisie : Innover et s’internationaliser pour propulser l’entrepreneuriat tunisien,2025-03-05,cb9407b50fe947b0b93d237a1a9fdf2187551a1f
economist_tunisia_economy,It isn't a debt crisis,2012-04-12,cb9ccda28f43e66cedd51673f774719cfa5324a4
economist_tunisia_all,It isn't a debt crisis,2012-04-12,cb9ccda28f43e66cedd51673f774719cfa5324a4
economist_tunisia_all,Britain and Poland are set to sign a big new security treaty,2026-05-24,cc1cbc51332d5f3b6f76c50497c4248a8f9ee984
economist_tunisia_economy,Britain and Poland are set to sign a big new security treaty,2026-05-24,cc1cbc51332d5f3b6f76c50497c4248a8f9ee984
economist_tunisia_all,America will come to regret its war on taxes,2026-04-16,cc2f1f84ab35b845c31ce41d895089913e02ad21
economist_tunisia_economy,America will come to regret its war on taxes,2026-04-16,cc2f1f84ab35b845c31ce41d895089913e02ad21
economist_tunisia_economy,"After Brexit, which trade deals should negotiators prioritise?",2018-02-12,ccb4b5e5548c8b9fafdd1e734e97bc3fc1b9207f
economist_tunisia_economy,"After Brexit, which trade deals should negotiators prioritise?",2018-02-08,ccb4b5e5548c8b9fafdd1e734e97bc3fc1b9207f
economist_tunisia_all,"After Brexit, which trade deals should negotiators prioritise?",2018-02-08,ccb4b5e5548c8b9fafdd1e734e97bc3fc1b9207f
economist_tunisia_all,"After Brexit, which trade deals should negotiators prioritise?",2018-02-12,ccb4b5e5548c8b9fafdd1e734e97bc3fc1b9207f
economist_tunisia_all,Bargaining chips: Nvidia is the bank of AI,2026-09-04,ccf577305dad868e95116be5d70a8d4c24d21115
economist_tunisia_economy,Bargaining chips: Nvidia is the bank of AI,2026-09-04,ccf577305dad868e95116be5d70a8d4c24d21115
economist_tunisia_economy,Keeping afloat,2010-05-13,cda6307950fb97567e3dfcfc777c81b4bcda1917
economist_tunisia_all,Keeping afloat,2010-05-13,cda6307950fb97567e3dfcfc777c81b4bcda1917
economist_tunisia_all,Inflation or recession? The tug of war in bond markets,2026-04-05,ce27015f9e09b1d7d165268f25f531078a770330
economist_tunisia_economy,Inflation or recession? The tug of war in bond markets,2026-04-05,ce27015f9e09b1d7d165268f25f531078a770330
economist_tunisia_all,Global trade is slowing,2008-11-22,ce34c45243709b211a40d613fdb4e694976cc0f6
economist_tunisia_economy,Global trade is slowing,2008-11-22,ce34c45243709b211a40d613fdb4e694976cc0f6
economist_tunisia_all,Talking tough(ish) to Mubarak,2011-02-04,ce993f1a7b34554736a8a09310a26ce485602223
economist_tunisia_economy,Talking tough(ish) to Mubarak,2011-02-04,ce993f1a7b34554736a8a09310a26ce485602223
economist_tunisia_economy,"After years of talks, indebted Arab states and the IMF are at an impasse",2023-06-27,cee6f91893cd27f64abd8b5ed1129bb2094b8b08
economist_tunisia_all,"After years of talks, indebted Arab states and the IMF are at an impasse",2023-06-27,cee6f91893cd27f64abd8b5ed1129bb2094b8b08
economist_tunisia_all,Donald Trump’s deregulatory drive will cause another financial crisis,2026-08-17,cfa3d82aabb8e037a9f063c107fa391ddc4decee
economist_tunisia_economy,Donald Trump’s deregulatory drive will cause another financial crisis,2026-08-17,cfa3d82aabb8e037a9f063c107fa391ddc4decee
economist_tunisia_all,"How Trump, Starmer and Macron can avoid a debt crunch",2024-11-24,d085ebdad025ddeb522eb5ff122d421d29b0068d
economist_tunisia_economy,"How Trump, Starmer and Macron can avoid a debt crunch",2024-11-24,d085ebdad025ddeb522eb5ff122d421d29b0068d
economist_tunisia_economy,Tales of a taxi driver,2013-04-04,d10b10afff535c098fac5d9297b7ac4ed045a0a8
economist_tunisia_all,Tales of a taxi driver,2013-04-04,d10b10afff535c098fac5d9297b7ac4ed045a0a8
economist_tunisia_economy,Low and still lower,2015-01-15,d117e0301620f6810d5604fe4021d7f697aa95c5
economist_tunisia_all,Low and still lower,2015-01-15,d117e0301620f6810d5604fe4021d7f697aa95c5
economist_tunisia_economy,"Despite the horrors in Vienna and Paris, jihadism has declined",2020-11-03,d12c6731a74b0d538dab6260a4eda59909317e06
economist_tunisia_all,"Despite the horrors in Vienna and Paris, jihadism has declined",2020-11-03,d12c6731a74b0d538dab6260a4eda59909317e06
leconomistmaghrebin,Lancement de la nouvelle version de la courbe des taux,2020-03-09,d178a0667c77ab9ac638616db17eb72a755a86e7
ilboursa,Lancement de la nouvelle version de la Courbe des taux,2020-03-06,d178a0667c77ab9ac638616db17eb72a755a86e7
economist_tunisia_all,Canada turns to Europe for its security,2026-07-30,d1ecd3b5ce02901a73f9521a68d43fc34552be90
economist_tunisia_economy,Canada turns to Europe for its security,2026-07-30,d1ecd3b5ce02901a73f9521a68d43fc34552be90
economist_tunisia_economy,The horsemen of the West Bank,2026-04-24,d2900fd9c114a78d9ef6a01ffa87bbec909b40e9
economist_tunisia_all,The horsemen of the West Bank,2026-04-24,d2900fd9c114a78d9ef6a01ffa87bbec909b40e9
economist_tunisia_economy,Venezuela’s astoundingly messy debts are about to get messier,2026-01-07,d2e970dfb8c7ae49a8feb586d2284a7008d2d89a
economist_tunisia_all,Venezuela’s astoundingly messy debts are about to get messier,2026-01-07,d2e970dfb8c7ae49a8feb586d2284a7008d2d89a
economist_tunisia_economy,Foreign demand for American government debt is becoming much less reliable,2026-06-01,d3790adab0398e15a7de899ae99b30ee8d90e744
economist_tunisia_all,Foreign demand for American government debt is becoming much less reliable,2026-06-01,d3790adab0398e15a7de899ae99b30ee8d90e744
economist_tunisia_economy,How tourism will survive the pandemic,2020-05-28,d3ac41be433848d93ef9c7279c0db87a512a93fc
economist_tunisia_all,How tourism will survive the pandemic,2020-05-28,d3ac41be433848d93ef9c7279c0db87a512a93fc
economist_tunisia_all,Don't mention the war,2004-08-19,d480947af868f8e8cdafddad9a18f8e9565fd668
economist_tunisia_economy,Don't mention the war,2004-08-19,d480947af868f8e8cdafddad9a18f8e9565fd668
leconomistmaghrebin,Ooredoo lance le premier réseau IoT en Tunisie,2017-12-04,d4860ac07c5bfada66edd325e4fa5a879fff3875
ilboursa,Ooredoo lance le premier réseau IoT en Tunisie,2017-12-04,d4860ac07c5bfada66edd325e4fa5a879fff3875
economist_tunisia_economy,"The price of protest, so far",2011-07-14,d49d5e235d7a64b8cc2ffc868b371b057559e555
economist_tunisia_all,"The price of protest, so far",2011-07-14,d49d5e235d7a64b8cc2ffc868b371b057559e555
economist_tunisia_economy,Can the Chinese economy match Aruba’s?,2025-11-20,d4dd963b5cd06b61061276b7d5bc74d603cfaf0a
economist_tunisia_all,Can the Chinese economy match Aruba’s?,2025-11-20,d4dd963b5cd06b61061276b7d5bc74d603cfaf0a
economist_tunisia_economy,"Facing global crises, Europe rearranges the diplomatic deckchairs",2026-09-10,d579394b0eb786c121cb6b9f904ec4615b064b45
economist_tunisia_all,"Facing global crises, Europe rearranges the diplomatic deckchairs",2026-09-10,d579394b0eb786c121cb6b9f904ec4615b064b45
economist_tunisia_economy,China and the West take a step to ease Africa’s debt crisis,2023-05-18,d624eaa5ecf48289765db328a5f5ff55e49f64ce
economist_tunisia_all,China and the West take a step to ease Africa’s debt crisis,2023-05-18,d624eaa5ecf48289765db328a5f5ff55e49f64ce
leconomistmaghrebin,La BCE entame une nouvelle phase de sa politique monétaire,2024-06-16,d636dac6670c9f7c60c294618b08d149d9487f5b
ilboursa,La BCE entame une nouvelle phase de sa politique monétaire,2024-06-16,d636dac6670c9f7c60c294618b08d149d9487f5b
economist_tunisia_all,How do some countries avoid debt?,2025-10-13,d64beb8216476e5ee4c2b97a54ba73f00f0699e7
economist_tunisia_economy,How do some countries avoid debt?,2025-10-13,d64beb8216476e5ee4c2b97a54ba73f00f0699e7
economist_tunisia_economy,Protectionists dislike trade and migration. And capital flows?,2026-02-26,d67d81d1b129dc823aab8d636cc2c3a042058803
economist_tunisia_all,Protectionists dislike trade and migration. And capital flows?,2026-02-26,d67d81d1b129dc823aab8d636cc2c3a042058803
economist_tunisia_all,Sri Lanka’s default could be the first of many,2022-04-16,d75d738f5187f85f8bd871fa5d8d1e3083984240
economist_tunisia_economy,Sri Lanka’s default could be the first of many,2022-04-16,d75d738f5187f85f8bd871fa5d8d1e3083984240
economist_tunisia_economy,Laos has big dreams of exporting energy,2026-07-09,d83c31c6ef9fbf9e9d0db40794fbb6d48705014c
economist_tunisia_all,Laos has big dreams of exporting energy,2026-07-09,d83c31c6ef9fbf9e9d0db40794fbb6d48705014c
economist_tunisia_all,Is the LA Lakers’ sale a sign of sports investment gone mad?,2026-08-13,d88d1bd9078a405c85281f69ab66f3b2cde46781
economist_tunisia_economy,Is the LA Lakers’ sale a sign of sports investment gone mad?,2026-08-13,d88d1bd9078a405c85281f69ab66f3b2cde46781
economist_tunisia_economy,The global debt clock,2012-09-07,d89531c499afc1dd903512b3b7d437a7cb9ac675
economist_tunisia_all,The global debt clock,2012-09-07,d89531c499afc1dd903512b3b7d437a7cb9ac675
leconomistmaghrebin,Les prix du pétrole devraient se stabiliser dans un contexte de demande mondiale record,2024-02-25,d8f49eb8df0af7207bc2eba393824136043133d4
ilboursa,Les prix du pétrole devraient se stabiliser dans un contexte de demande mondiale record,2024-02-27,d8f49eb8df0af7207bc2eba393824136043133d4
economist_tunisia_all,"Easy come, easy go",2013-10-03,d99dd0c7570bf880390c0e865eeb4fad73c7f9db
economist_tunisia_economy,"Easy come, easy go",2013-10-03,d99dd0c7570bf880390c0e865eeb4fad73c7f9db
economist_tunisia_all,"Europe buys the future, America builds it",2026-06-18,d9a91fab778cfb22df3af501c1366a928249cf2e
economist_tunisia_economy,"Europe buys the future, America builds it",2026-06-18,d9a91fab778cfb22df3af501c1366a928249cf2e
ilboursa,MSI 20000 : La BIAT célèbre 15 années de conformité et renouvelle son engagement d’excellence financière,2026-06-29,d9b700ed15eb1f7f29e966206171bfe548850d7b
lapresse,MSI 20000 : la BIAT célèbre 15 années de conformité et renouvelle son engagement d’excellence financière,2026-06-29,d9b700ed15eb1f7f29e966206171bfe548850d7b
economist_tunisia_all,China hits its GDP target—in a weird way,2026-01-19,d9d1ed18fb30460089918a23c7621c0b8327c66d
economist_tunisia_economy,China hits its GDP target—in a weird way,2026-01-19,d9d1ed18fb30460089918a23c7621c0b8327c66d
economist_tunisia_economy,In praise of mass-market American tacos,2022-04-02,d9e69f159d34547af6a9fe0fbc07197f973c1307
economist_tunisia_all,In praise of mass-market American tacos,2022-04-02,d9e69f159d34547af6a9fe0fbc07197f973c1307
economist_tunisia_economy,Europe has reduced illegal immigration without goon tactics,2026-06-04,da085bcd7cbc88ca36d8ef429f6b205445b5932d
economist_tunisia_all,Europe has reduced illegal immigration without goon tactics,2026-06-04,da085bcd7cbc88ca36d8ef429f6b205445b5932d
economist_tunisia_economy,China’s trade gap is narrowing. And other surprises,2026-07-15,da39e6ffaddc4942c57bc2b5e4589d5c138280ad
economist_tunisia_all,China’s trade gap is narrowing. And other surprises,2026-07-15,da39e6ffaddc4942c57bc2b5e4589d5c138280ad
economist_tunisia_all,Tunisians wonder whether to let powerful crooks off the hook,2017-05-18,db695d84fc594ea46605c8483881cb12f99f8e96
economist_tunisia_economy,Tunisians wonder whether to let powerful crooks off the hook,2017-05-18,db695d84fc594ea46605c8483881cb12f99f8e96
economist_tunisia_all,It’s murder on the Nile,2014-03-14,db723e1176710d8c5f6bcfd2fc9516e3acea971c
economist_tunisia_economy,It’s murder on the Nile,2014-03-14,db723e1176710d8c5f6bcfd2fc9516e3acea971c
economist_tunisia_economy,Meta’s blockbuster trial draws parallels to big tobacco,2026-08-18,db821917a8304178c8d62f3fdf7a2ed63a4db53f
economist_tunisia_all,Meta’s blockbuster trial draws parallels to big tobacco,2026-08-18,db821917a8304178c8d62f3fdf7a2ed63a4db53f
economist_tunisia_all,Americans should rekindle their love for big business,2026-08-24,dbcd153e03c990b59eb187012f809a7e1d37e787
economist_tunisia_economy,Americans should rekindle their love for big business,2026-08-24,dbcd153e03c990b59eb187012f809a7e1d37e787
economist_tunisia_all,Zhu Rongji’s death is a reminder of how much has changed in China,2026-08-12,dc4c9d11e4a760c2d45218c8a99a8b6f20f2abd2
economist_tunisia_economy,Zhu Rongji’s death is a reminder of how much has changed in China,2026-08-12,dc4c9d11e4a760c2d45218c8a99a8b6f20f2abd2
economist_tunisia_economy,The Chinese economic experiment that failed,2026-07-23,dc74988201e6aa7a4ea5f67ff200779df30b147a
economist_tunisia_all,The Chinese economic experiment that failed,2026-07-23,dc74988201e6aa7a4ea5f67ff200779df30b147a
economist_tunisia_all,The hidden risks in Taiwan’s boom,2025-11-13,dcaa83bcade699b870505cae9f0ece462937ea07
economist_tunisia_economy,The hidden risks in Taiwan’s boom,2025-11-13,dcaa83bcade699b870505cae9f0ece462937ea07
kapitalis,Amen Bank et Amen Invest renouvellent leur contrat de liquidité,2019-10-29,dcd78aff91607abd01df0268dfd279f00f91cea1
ilboursa,Amen Bank et Amen Invest renouvellent leur contrat de liquidité,2021-11-09,dcd78aff91607abd01df0268dfd279f00f91cea1
ilboursa,Amen Bank et Amen Invest renouvellent leur contrat de liquidité,2022-12-08,dcd78aff91607abd01df0268dfd279f00f91cea1
economist_tunisia_all,Debt repayment costs are rising fast for many African countries,2022-04-30,dcf685135a1812b8771851aa8e3eafdc249bf841
economist_tunisia_economy,Debt repayment costs are rising fast for many African countries,2022-04-30,dcf685135a1812b8771851aa8e3eafdc249bf841
economist_tunisia_all,The Gulf’s three post-war challenges,2026-06-25,dd215cc03df4af7ab560c7e9bc97a28af1163bad
economist_tunisia_economy,The Gulf’s three post-war challenges,2026-06-25,dd215cc03df4af7ab560c7e9bc97a28af1163bad
economist_tunisia_all,Where have the tourists gone?,2010-07-27,dd4aa86c33013f8ef0bc5bebb658ab60edad839b
economist_tunisia_economy,Where have the tourists gone?,2010-07-27,dd4aa86c33013f8ef0bc5bebb658ab60edad839b
economist_tunisia_economy,A bitter race to elect the head of Africa’s pivotal bank,2025-05-22,dd62cf1605b2ff801b0b74e60e0aadbf269a10ce
economist_tunisia_all,A bitter race to elect the head of Africa’s pivotal bank,2025-05-22,dd62cf1605b2ff801b0b74e60e0aadbf269a10ce
ilboursa,Alpha Hyundai Motor renforce sa gamme SUV,2022-01-31,dd744808e8a7c946b57214d72a098d69f356b030
kapitalis,Alpha Hyundai Motor renforce sa gamme SUV,2022-02-01,dd744808e8a7c946b57214d72a098d69f356b030
economist_tunisia_economy,The IMF has a protest problem,2024-09-12,dd9e0c9e6d3a64066c083ac73a5c617446b0c091
economist_tunisia_all,The IMF has a protest problem,2024-09-12,dd9e0c9e6d3a64066c083ac73a5c617446b0c091
lapresse,L’ATB inaugure sa nouvelle agence au Mall of Sfax,2025-11-24,ddaf3129c935c7643f4ba98f1d1dd2dc5b98f286
ilboursa,L’ATB inaugure sa nouvelle agence au Mall of Sfax,2025-11-24,ddaf3129c935c7643f4ba98f1d1dd2dc5b98f286
economist_tunisia_all,Another project in trouble,2011-04-28,dddd32142d22f38cca53434399369877ccf9f581
economist_tunisia_economy,Another project in trouble,2011-04-28,dddd32142d22f38cca53434399369877ccf9f581
economist_tunisia_all,Russian attacks are doing severe harm to Ukraine’s economy,2026-08-18,de3159c485b935071ff572aaa3cb84b4c47168b6
economist_tunisia_economy,Russian attacks are doing severe harm to Ukraine’s economy,2026-08-18,de3159c485b935071ff572aaa3cb84b4c47168b6
kapitalis,Bourse de Tunis : Le Tunindex encore dans le rouge,2016-05-31,dea67f7fc0c9b6f911b51ebf04f5e2b3cc7e69d4
leconomistmaghrebin,Bourse de Tunis : le Tunindex encore dans le rouge,2015-10-03,dea67f7fc0c9b6f911b51ebf04f5e2b3cc7e69d4
leconomistmaghrebin,Amen Bank confirme sa certification MSI 20000,2017-12-14,deab48deb4c353968e9924af7e037a6155e42473
ilboursa,Amen Bank confirme sa certification MSI 20000,2017-12-14,deab48deb4c353968e9924af7e037a6155e42473
economist_tunisia_economy,Japan’s bond-market tremble reflects a fiscal-monetary clash,2026-01-21,ded5c776c4a56688d3ec4e6bb138d79e02701e01
economist_tunisia_all,Japan’s bond-market tremble reflects a fiscal-monetary clash,2026-01-21,ded5c776c4a56688d3ec4e6bb138d79e02701e01
economist_tunisia_all,China’s $54bn capital boost for banks falls far short,2026-09-08,df08da59caeb80e1e6c5ae8d46d30987fc0b4efd
economist_tunisia_economy,China’s $54bn capital boost for banks falls far short,2026-09-08,df08da59caeb80e1e6c5ae8d46d30987fc0b4efd
ilboursa,Tunisie Telecom remporte le prix Brands pour la publicité ramadanesque la plus engagée,2024-04-30,df1d83f1cd9baf1ebc8c5ea83d8fd1d5989dbb97
kapitalis,Tunisie Telecom remporte le prix Brands pour la publicité ramadanesque la plus engagée,2024-05-01,df1d83f1cd9baf1ebc8c5ea83d8fd1d5989dbb97
economist_tunisia_all,The world still travels,2012-11-06,df4c47bf581106ffe95806dc7b97684b76da3e7d
economist_tunisia_economy,The world still travels,2012-11-06,df4c47bf581106ffe95806dc7b97684b76da3e7d
economist_tunisia_economy,Unpacking Venezuela’s peculiar debt restructuring,2026-07-02,dfaf154d6601367a74248bd5de5b418b62990e13
economist_tunisia_all,Unpacking Venezuela’s peculiar debt restructuring,2026-07-02,dfaf154d6601367a74248bd5de5b418b62990e13
economist_tunisia_all,In the bank,2009-12-04,e011e5d19ec32e8ab31bf58c17a5a12854265b55
economist_tunisia_economy,In the bank,2009-12-04,e011e5d19ec32e8ab31bf58c17a5a12854265b55
economist_tunisia_economy,Looking to join the caravan,1997-06-05,e086458247cf764dd5063b59a1aaf7c66f5d8f35
economist_tunisia_all,Looking to join the caravan,1997-06-05,e086458247cf764dd5063b59a1aaf7c66f5d8f35
economist_tunisia_all,Chinese trade is thriving despite America’s attacks,2025-09-09,e0d9de310dce33803ce88b75c24f530cf595f2bb
economist_tunisia_economy,Chinese trade is thriving despite America’s attacks,2025-09-09,e0d9de310dce33803ce88b75c24f530cf595f2bb
economist_tunisia_economy,The posthumous release that became an Australian number one,2018-07-03,e0f8b8419aca04248b909d3b03204653a78a6104
economist_tunisia_all,The posthumous release that became an Australian number one,2018-07-03,e0f8b8419aca04248b909d3b03204653a78a6104
economist_tunisia_all,Restarting Asian tourism will be harder than shutting it down,2021-10-23,e1e17a90c4bc9860edbeb4d629298d3defd376d0
economist_tunisia_economy,Restarting Asian tourism will be harder than shutting it down,2021-10-23,e1e17a90c4bc9860edbeb4d629298d3defd376d0
economist_tunisia_economy,"Despite democracy, Tunisians riot",2021-01-21,e21f8425ffa51e9c24e18487b86c07d5a83da8eb
economist_tunisia_all,"Despite democracy, Tunisians riot",2021-01-21,e21f8425ffa51e9c24e18487b86c07d5a83da8eb
economist_tunisia_economy,Checks and Balance newsletter: Donald Trump’s losing bet on oil,2026-08-23,e24dd1971ac0a704199b5d036e41b6e688f8f759
economist_tunisia_all,Checks and Balance newsletter: Donald Trump’s losing bet on oil,2026-08-23,e24dd1971ac0a704199b5d036e41b6e688f8f759
leconomistmaghrebin,L’UIB primée par Global Custodian pour la qualité de son activité de services Titres,2017-04-24,e25698580ad01cf0dd2fc1328a1b56d8f5d54393
ilboursa,L’UIB primée par Global Custodian pour la qualité de son activité de services Titres,2017-04-24,e25698580ad01cf0dd2fc1328a1b56d8f5d54393
economist_tunisia_economy,Neither banks nor stablecoins will rescue the Treasury market,2026-06-01,e2f8b48576bb7d2573cc909718c2b1d1e68ccc7d
economist_tunisia_all,Neither banks nor stablecoins will rescue the Treasury market,2026-06-01,e2f8b48576bb7d2573cc909718c2b1d1e68ccc7d
ilboursa,Tunisia 2020 : Programme officiel,2016-11-28,e3068f3b50fa1dedd1c4bbecf06c8e09cc7c6d5e
leconomistmaghrebin,Tunisia 2020 : programme officiel,2016-11-29,e3068f3b50fa1dedd1c4bbecf06c8e09cc7c6d5e
economist_tunisia_all,Argentina’s economy,,e33870d7a9ba7c96f8e1e18513f8976ef3e14c3d
economist_tunisia_economy,Argentina’s economy,,e33870d7a9ba7c96f8e1e18513f8976ef3e14c3d
economist_tunisia_all,Partners in prime: The Fed and Treasury’s new relationship,2026-06-01,e41424c50eef4a9615380d56d7beda1ad11c9cb0
economist_tunisia_economy,Partners in prime: The Fed and Treasury’s new relationship,2026-06-01,e41424c50eef4a9615380d56d7beda1ad11c9cb0
economist_tunisia_economy,"Have yuan, will travel",2012-09-01,e447bf3d568608a7b9a2c94115d012e649d1f585
economist_tunisia_all,"Have yuan, will travel",2012-09-01,e447bf3d568608a7b9a2c94115d012e649d1f585
kapitalis,FMO accorde un prêt syndiqué de 60 millions d’euros à Enda Tamweel,2020-04-10,e4736393be9ab6721a52182cdc525466a528e7e7
leconomistmaghrebin,FMO accorde un prêt syndiqué de 60 millions d’euros à Enda Tamweel,2020-04-10,e4736393be9ab6721a52182cdc525466a528e7e7
economist_tunisia_economy,What the Fed is fighting,2010-11-17,e4b1b20780ab9b75f4c303de15440c1a39b7b0f4
economist_tunisia_all,What the Fed is fighting,2010-11-17,e4b1b20780ab9b75f4c303de15440c1a39b7b0f4
economist_tunisia_economy,"Which countries breed Nobel laureates, and which import them?",2025-10-09,e4be662d7802dafb829cd11dc7a648616593a82c
economist_tunisia_all,"Which countries breed Nobel laureates, and which import them?",2025-10-09,e4be662d7802dafb829cd11dc7a648616593a82c
economist_tunisia_all,Debt,,e52ec7a1e9dd16e56b44de62e9681472253eebc9
economist_tunisia_economy,Debt,,e52ec7a1e9dd16e56b44de62e9681472253eebc9
economist_tunisia_all,Introducing our Business in Brief newsletter,2026-06-17,e55fbfcf6b77b668fdc6e6d9a361f750c728b69d
economist_tunisia_economy,Introducing our Business in Brief newsletter,2026-06-17,e55fbfcf6b77b668fdc6e6d9a361f750c728b69d
ilboursa,QNB Tunisia sur la voie de la croissance et le retour à la rentabilité,2025-03-29,e5b97d17ed5bdb5381a5d2bbc0bb67063c97e68d
leconomistmaghrebin,QNB Tunisia sur la voie de la croissance et le retour à la rentabilité,2025-03-29,e5b97d17ed5bdb5381a5d2bbc0bb67063c97e68d
economist_tunisia_economy,Why China’s exports will keep on rising,2026-04-21,e5d00f68bf21097bf0630d5481f869cb82903a36
economist_tunisia_all,Why China’s exports will keep on rising,2026-04-21,e5d00f68bf21097bf0630d5481f869cb82903a36
economist_tunisia_all,I am responsible for the debt-ceiling impasse,2011-07-26,e61675ccbeaa832de78f1d8b6544f346256ca018
economist_tunisia_economy,I am responsible for the debt-ceiling impasse,2011-07-26,e61675ccbeaa832de78f1d8b6544f346256ca018
economist_tunisia_economy,British inflation may not be as sticky as thought,2023-07-19,e63374076adf92f305ac47c7e064f6c9cdc38211
economist_tunisia_all,British inflation may not be as sticky as thought,2023-07-19,e63374076adf92f305ac47c7e064f6c9cdc38211
economist_tunisia_economy,The IMF cuts its global growth forecast for 2022,2022-01-25,e691d36f84d52feafea7a029958f6a704e0f5387
economist_tunisia_all,The IMF cuts its global growth forecast for 2022,2022-01-25,e691d36f84d52feafea7a029958f6a704e0f5387
economist_tunisia_all,What rhymes with protest?,2013-12-07,e6b7e03f13adabcb53a92255c37f9b58a83bdc86
economist_tunisia_economy,What rhymes with protest?,2013-12-07,e6b7e03f13adabcb53a92255c37f9b58a83bdc86
economist_tunisia_all,Tourism will rebound after the pandemic,2021-02-11,e7124c925dfc347e359c566c027f681d7c0bba48
economist_tunisia_economy,Tourism will rebound after the pandemic,2021-02-11,e7124c925dfc347e359c566c027f681d7c0bba48
economist_tunisia_all,Your daily debt-ceiling update,2011-07-21,e786e19c5d7d7450f41ce033da0c9a125387c238
economist_tunisia_economy,Your daily debt-ceiling update,2011-07-25,e786e19c5d7d7450f41ce033da0c9a125387c238
economist_tunisia_all,Your daily debt-ceiling update,2011-07-20,e786e19c5d7d7450f41ce033da0c9a125387c238
economist_tunisia_economy,Your daily debt-ceiling update,2011-07-20,e786e19c5d7d7450f41ce033da0c9a125387c238
economist_tunisia_all,Your daily debt-ceiling update,2011-07-25,e786e19c5d7d7450f41ce033da0c9a125387c238
economist_tunisia_economy,Your daily debt-ceiling update,2011-07-21,e786e19c5d7d7450f41ce033da0c9a125387c238
economist_tunisia_economy,Sea cucumbers may help protect coral reefs,2026-09-16,e7bab2d31a47a0ec71236ba2d8139293dd33a6fc
economist_tunisia_all,Sea cucumbers may help protect coral reefs,2026-09-16,e7bab2d31a47a0ec71236ba2d8139293dd33a6fc
economist_tunisia_economy,China’s economy,,e7c946f7cf9409f5d26fe98c517168e06cf0f120
economist_tunisia_all,China’s economy,,e7c946f7cf9409f5d26fe98c517168e06cf0f120
kapitalis,Huile d’olive : La Tunisie premier exportateur mondial,2015-10-08,e7e544bfea4e802814f5a38447cfa115b852dee1
leconomistmaghrebin,Huile d’olive : La Tunisie premier exportateur mondial,2015-10-09,e7e544bfea4e802814f5a38447cfa115b852dee1
economist_tunisia_economy,Which is The Economist’s country of the year for 2021?,2021-12-18,e7fa55eafdeaae8b2848e79b8370f1d7424c2847
economist_tunisia_all,Which is The Economist’s country of the year for 2021?,2021-12-18,e7fa55eafdeaae8b2848e79b8370f1d7424c2847
leconomistmaghrebin,La résilience des pays émergents favorise les entrées de capitaux,2024-06-10,e8299581ff474457c3582e6a919bc3688dacc20a
ilboursa,La résilience des pays émergents favorise les entrées de capitaux,2024-06-09,e8299581ff474457c3582e6a919bc3688dacc20a
economist_tunisia_all,This year may prove even worse for the tourism industry than 2020,2021-12-01,e843ff9385bd5025735b35937d5e684638e1bc18
economist_tunisia_economy,This year may prove even worse for the tourism industry than 2020,2021-12-01,e843ff9385bd5025735b35937d5e684638e1bc18
economist_tunisia_economy,The global output gap,2012-09-19,e85e7355779bca48fe5e011e166fe8e5d5b91ed9
economist_tunisia_all,The global output gap,2012-09-19,e85e7355779bca48fe5e011e166fe8e5d5b91ed9
ilboursa,Tunisie Valeurs à l’honneur à EURONEXT pour sa certification AML 30001®,2025-08-26,e8de0ad6aa940c3447e6dd02b2db031b1f9cd903
lapresse,Tunisie Valeurs à l’honneur à EURONEXT pour sa certification AML 30001®,2025-08-26,e8de0ad6aa940c3447e6dd02b2db031b1f9cd903
leconomistmaghrebin,Tunisie Valeurs à l’honneur à EURONEXT pour sa certification AML 30001®,2025-08-26,e8de0ad6aa940c3447e6dd02b2db031b1f9cd903
ilboursa,La BCT maintient inchangé son taux directeur à 8%,2024-12-28,e8f3ee237b1986d1830d9cef3ca95fea0c1aad32
leconomistmaghrebin,La BCT maintient inchangé son taux directeur à 8%,2024-06-22,e8f3ee237b1986d1830d9cef3ca95fea0c1aad32
leconomistmaghrebin,La BCT maintient inchangé son taux directeur à 8%,2023-03-22,e8f3ee237b1986d1830d9cef3ca95fea0c1aad32
leconomistmaghrebin,La BCT maintient inchangé son taux directeur à 8%,2023-10-18,e8f3ee237b1986d1830d9cef3ca95fea0c1aad32
economist_tunisia_economy,Arafat’s half-welcoming hand,1998-07-09,e9012e34dfa780a34b0cd73b1d971d6a723ef123
economist_tunisia_all,Arafat’s half-welcoming hand,1998-07-09,e9012e34dfa780a34b0cd73b1d971d6a723ef123
economist_tunisia_all,Javier Milei’s outburst over the Falklands is a mark of weakness,2026-09-04,e9946fb4d05917e85c0e18c0d7ee5a097c838df2
economist_tunisia_economy,Javier Milei’s outburst over the Falklands is a mark of weakness,2026-09-04,e9946fb4d05917e85c0e18c0d7ee5a097c838df2
economist_tunisia_economy,Anger over the Tunisian government’s belt-tightening spills over into unrest,2018-01-11,e9d93036d83d7b6da74bdc171165671ba40d287d
economist_tunisia_all,Anger over the Tunisian government’s belt-tightening spills over into unrest,2018-01-11,e9d93036d83d7b6da74bdc171165671ba40d287d
economist_tunisia_all,Why tech and inflation are reshaping dining,2026-08-06,ea0848fdd2513a85a23ce52861b0f20f7b4c58a7
economist_tunisia_economy,Why tech and inflation are reshaping dining,2026-08-06,ea0848fdd2513a85a23ce52861b0f20f7b4c58a7
economist_tunisia_economy,Losing direction,2012-06-28,eaccdc03ff1636e15ed0ad46e4a576a4c6eee649
economist_tunisia_all,Losing direction,2012-06-28,eaccdc03ff1636e15ed0ad46e4a576a4c6eee649
economist_tunisia_all,Obamacare is becoming even more frail,2026-08-16,eb0b98b52cb58d81d6bb09749c390a5aa2ae6b12
economist_tunisia_economy,Obamacare is becoming even more frail,2026-08-16,eb0b98b52cb58d81d6bb09749c390a5aa2ae6b12
economist_tunisia_economy,"Led by a Marxist, battered by a storm, Sri Lanka is doing better",2026-02-10,eb165ed413d08cea3725a031f8f5d1f5e947e7e9
economist_tunisia_all,"Led by a Marxist, battered by a storm, Sri Lanka is doing better",2026-02-10,eb165ed413d08cea3725a031f8f5d1f5e947e7e9
economist_tunisia_economy,"Debt, deficits and the markets",2011-09-21,eb7fdd5438a84e2139fbc7b66476296de69de4e6
economist_tunisia_all,"Debt, deficits and the markets",2011-09-21,eb7fdd5438a84e2139fbc7b66476296de69de4e6
economist_tunisia_economy,"Cash is going to the poor, too",2008-02-21,ebe5156f8472f78a4ece5e03abcb5949911fc475
economist_tunisia_all,"Cash is going to the poor, too",2008-02-21,ebe5156f8472f78a4ece5e03abcb5949911fc475
economist_tunisia_economy,The ascent of India’s economy,2026-01-22,ec506db6b72925b8af5ebb8fb21029d1cacf8700
economist_tunisia_all,The ascent of India’s economy,2026-01-22,ec506db6b72925b8af5ebb8fb21029d1cacf8700
ilboursa,La Bourse de Tunis reprend des couleurs,2021-10-27,ec63dab6d04e2d2d681f09cf41cf0084a9a49ed7
leconomistmaghrebin,La Bourse de Tunis reprend des couleurs,2015-03-19,ec63dab6d04e2d2d681f09cf41cf0084a9a49ed7
economist_tunisia_all,The yuan is more than a symptom of global imbalances,2026-08-10,ecb7bb96fed76ebd4cc08123d885cbc1a13fbb6e
economist_tunisia_economy,The yuan is more than a symptom of global imbalances,2026-08-10,ecb7bb96fed76ebd4cc08123d885cbc1a13fbb6e
economist_tunisia_all,"European policymakers fiddle with energy prices, again",2026-04-16,ed2140386d06b6b4dfcbcfcd77b9b9e8f2f20230
economist_tunisia_economy,"European policymakers fiddle with energy prices, again",2026-04-16,ed2140386d06b6b4dfcbcfcd77b9b9e8f2f20230
leconomistmaghrebin,Etude : les dessous des contrats d’hydrocarbures en Tunisie,2018-12-19,ed26d2a692cc8a9745306a863a0464c5d5dc0fad
kapitalis,Etude : les dessous des contrats d’hydrocarbures en Tunisie,2023-03-01,ed26d2a692cc8a9745306a863a0464c5d5dc0fad
economist_tunisia_all,The price is a blight,2013-11-09,ed3854c8b1e54531f128f9f0811c1d940fc9b0bd
economist_tunisia_economy,The price is a blight,2013-11-09,ed3854c8b1e54531f128f9f0811c1d940fc9b0bd
economist_tunisia_economy,"As the Iran war menaces shipping, land routes are making a comeback",2026-09-08,ed782813e6fe108a67c86ebf4fab6941448b1c60
economist_tunisia_all,"As the Iran war menaces shipping, land routes are making a comeback",2026-09-08,ed782813e6fe108a67c86ebf4fab6941448b1c60
economist_tunisia_economy,"Can China dominate AI exports, too?",2026-07-23,edbe7e2ad25f0f26d47e33b731108b3d4743f144
economist_tunisia_all,"Can China dominate AI exports, too?",2026-07-23,edbe7e2ad25f0f26d47e33b731108b3d4743f144
economist_tunisia_all,Prediction markets need better rules,2026-07-23,edfd4935ddded4733042791d9dc1a2fb463d5c8b
economist_tunisia_economy,Prediction markets need better rules,2026-07-23,edfd4935ddded4733042791d9dc1a2fb463d5c8b
leconomistmaghrebin,Néji Ghandri élu président du Conseil Bancaire et Financier,2023-05-16,ee3c9b3022c75863139e63d86624f269445e794a
kapitalis,Néji Ghandri élu président du Conseil Bancaire et Financier,2023-05-17,ee3c9b3022c75863139e63d86624f269445e794a
economist_tunisia_economy,Can Singapore ever build a proper stock market?,2026-08-13,ee575e44eaa9a9b269bafb7de27b53da064dea70
economist_tunisia_all,Can Singapore ever build a proper stock market?,2026-08-13,ee575e44eaa9a9b269bafb7de27b53da064dea70
leconomistmaghrebin,Wifak Bank remporte le prix « Best Islamic Corporate Bank Tunisia 2020 »,2021-01-21,ee6539a47f45887c48d9a40e36091a8e74fa9663
ilboursa,WIFAK Bank remporte le prix « Best Islamic Corporate Bank Tunisia 2020 »,2021-01-21,ee6539a47f45887c48d9a40e36091a8e74fa9663
economist_tunisia_economy,"Slouching eagle, surging dragon",2010-11-19,eea847d14d85c538785c5999e70b9c98c9487843
economist_tunisia_all,"Slouching eagle, surging dragon",2010-11-19,eea847d14d85c538785c5999e70b9c98c9487843
economist_tunisia_economy,Inflation plague,2008-02-04,eedd6c5b8c9cefbe3b199595e95baefbdbbdc427
economist_tunisia_all,Inflation plague,2008-02-04,eedd6c5b8c9cefbe3b199595e95baefbdbbdc427
lapresse,La BIAT lance « BIAT O’VERT » et renforce son engagement en faveur de la finance durable,2026-04-01,eee7bcc32d051f74baaf612e73127d8ffd1bee5c
ilboursa,La BIAT lance « BIAT O’VERT » et renforce son engagement en faveur de la finance durable,2026-04-01,eee7bcc32d051f74baaf612e73127d8ffd1bee5c
economist_tunisia_economy,China tries to look past the property slump,2026-09-03,eeeb34404e637e6f903484c36eca47e170f55c4d
economist_tunisia_all,China tries to look past the property slump,2026-09-03,eeeb34404e637e6f903484c36eca47e170f55c4d
economist_tunisia_economy,Moving targets,2010-03-09,efe90b260baf08fe267e900ea40826b8503ecad8
economist_tunisia_all,Moving targets,2010-03-09,efe90b260baf08fe267e900ea40826b8503ecad8
economist_tunisia_all,Israel’s neglected threat from within,2026-09-09,efef8795d4e2b448b97bd2f76a687697af3d39b7
economist_tunisia_economy,Israel’s neglected threat from within,2026-09-09,efef8795d4e2b448b97bd2f76a687697af3d39b7
economist_tunisia_all,Hot air and cold truths,2004-05-27,eff75512095826f2706c9c2690fba66e6d154d89
economist_tunisia_economy,Hot air and cold truths,2004-05-27,eff75512095826f2706c9c2690fba66e6d154d89
economist_tunisia_economy,Out of the limelight,2011-02-03,f06296993a46f54a17bb00f4382f267e648e494b
economist_tunisia_all,Out of the limelight,2011-02-03,f06296993a46f54a17bb00f4382f267e648e494b
economist_tunisia_economy,The Federal Reserve must soon give Donald Trump bad news,2026-06-09,f097b4eddf0e992f879ff86e1606f6a524f40a24
economist_tunisia_all,The Federal Reserve must soon give Donald Trump bad news,2026-06-09,f097b4eddf0e992f879ff86e1606f6a524f40a24
economist_tunisia_economy,Dredging the debt,2009-10-29,f0eff547eec51d0cd787997a2d0f6bff56d5aca1
economist_tunisia_all,Dredging the debt,2009-10-29,f0eff547eec51d0cd787997a2d0f6bff56d5aca1
economist_tunisia_economy,Promised reforms could change Cuba radically,2026-07-02,f1d4a83d272a794e0917621b8a4a538f2df872ab
economist_tunisia_all,Promised reforms could change Cuba radically,2026-07-02,f1d4a83d272a794e0917621b8a4a538f2df872ab
economist_tunisia_all,How the Gulf’s war is becoming Asia’s crisis too,2026-04-01,f232a82a66d0b4c5305bdc0db79f058758bfcc35
economist_tunisia_economy,How the Gulf’s war is becoming Asia’s crisis too,2026-04-01,f232a82a66d0b4c5305bdc0db79f058758bfcc35
economist_tunisia_all,Kahn do,2007-11-01,f2f4f511b3c621fc8e2685770ede1850eeb8950f
economist_tunisia_economy,Kahn do,2007-11-01,f2f4f511b3c621fc8e2685770ede1850eeb8950f
ilboursa,QNB Tunisia annonce des résultats financiers performants au premier semestre 2026,2026-08-19,f3158e3840d92bda01407736249d9ffc9d30e0f7
lapresse,QNB Tunisia annonce des résultats financiers performants au premier semestre 2026,2026-08-23,f3158e3840d92bda01407736249d9ffc9d30e0f7
lapresse,QNB Tunisia annonce des résultats financiers performants au premier semestre 2026,2026-08-19,f3158e3840d92bda01407736249d9ffc9d30e0f7
ilboursa,La croissance des marchés émergents va être confrontée à des vents contraires importants,2023-10-09,f336a8dcd0238f1fa48c09f056d37fe17c996656
leconomistmaghrebin,La croissance des marchés émergents va être confrontée à des vents contraires importants,2023-10-08,f336a8dcd0238f1fa48c09f056d37fe17c996656
economist_tunisia_all,Lowering the steaks: a Mercosur deal at last,2026-01-13,f37cb6c4a12dc362b55cc2f5a38ffc53d2956991
economist_tunisia_economy,Lowering the steaks: a Mercosur deal at last,2026-01-13,f37cb6c4a12dc362b55cc2f5a38ffc53d2956991
economist_tunisia_all,Have foreign tourists really avoided America this year?,2025-08-28,f3990a3215702a8511f0777cc538ee0e696871c7
economist_tunisia_economy,Have foreign tourists really avoided America this year?,2025-08-28,f3990a3215702a8511f0777cc538ee0e696871c7
economist_tunisia_economy,Have foreign tourists really avoided America this year?,2025-08-26,f3990a3215702a8511f0777cc538ee0e696871c7
economist_tunisia_all,Have foreign tourists really avoided America this year?,2025-08-26,f3990a3215702a8511f0777cc538ee0e696871c7
economist_tunisia_economy,Britain’s school budgets are being squeezed by rising energy and wage bills,2022-09-01,f43b7b6cceb77504df72283b8016832b117e2c26
economist_tunisia_all,Britain’s school budgets are being squeezed by rising energy and wage bills,2022-09-01,f43b7b6cceb77504df72283b8016832b117e2c26
economist_tunisia_economy,"The council, its list and its music",2001-06-14,f498dd7a636cf1ffc1147915bb2406ac9c7943d1
economist_tunisia_all,"The council, its list and its music",2001-06-14,f498dd7a636cf1ffc1147915bb2406ac9c7943d1
economist_tunisia_economy,Two interesting inflation charts,2011-05-13,f509f496cb6c2a46b24ebbb67ffc81346b59e31d
economist_tunisia_all,Two interesting inflation charts,2011-05-13,f509f496cb6c2a46b24ebbb67ffc81346b59e31d
leconomistmaghrebin,"Aggravation du déficit de la balance commerciale de 23,5% à fin juin 2025",2025-07-11,f581834860f0b8afd7234aba3d0970a1d628961a
lapresse,"Aggravation du déficit de la balance commerciale de 23,5% à fin juin 2025",2025-07-11,f581834860f0b8afd7234aba3d0970a1d628961a
economist_tunisia_economy,Donald Trump’s new trade war with China is also an opioid war,2025-02-02,f58a3854e40a9cfba3189ed6299865d150f5ea91
economist_tunisia_all,Donald Trump’s new trade war with China is also an opioid war,2025-02-02,f58a3854e40a9cfba3189ed6299865d150f5ea91
economist_tunisia_all,United States’ economy,,f58db607918574cca08b63c436bee61334d71706
economist_tunisia_economy,United States’ economy,,f58db607918574cca08b63c436bee61334d71706
economist_tunisia_economy,A good war,2009-09-17,f60383ac5dcbbac4844666a6378908fc6d758205
economist_tunisia_all,A good war,2009-09-17,f60383ac5dcbbac4844666a6378908fc6d758205
economist_tunisia_economy,China’s exorbitant surplus calls for a much stronger yuan,2026-08-16,f6478377306816b0ba4d55913b134c342dd2678c
economist_tunisia_all,China’s exorbitant surplus calls for a much stronger yuan,2026-08-16,f6478377306816b0ba4d55913b134c342dd2678c
kapitalis,Ooredoo Night Run par Xiaomi pour la première fois en Tunisie,2022-04-11,f6517c817aae972b84c67015f01405ac99b73907
ilboursa,Ooredoo Night Run par Xiaomi pour la première fois en Tunisie,2022-04-11,f6517c817aae972b84c67015f01405ac99b73907
lapresse,Hannibal Lease certifiée MSI 20000 à Euronext,2025-07-09,f6b975be6baf1e449c0007419742ebb4db910147
ilboursa,Hannibal Lease certifiée MSI 20000 à Euronext,2025-07-09,f6b975be6baf1e449c0007419742ebb4db910147
economist_tunisia_economy,The brightest tourism trend can be found in the darkest places,2026-07-09,f7324f312f2f4114ebd7757ffe6f0a66607f71a6
economist_tunisia_all,The brightest tourism trend can be found in the darkest places,2026-07-09,f7324f312f2f4114ebd7757ffe6f0a66607f71a6
lapresse,AGO de BH LEASING : Résilience et solidité malgré la conjoncture nationale difficile,2026-04-17,f790743632bd4f42d18a98441639db410611efc2
leconomistmaghrebin,AGO de BH LEASING : résilience et solidité malgré la conjoncture nationale difficile,2026-04-17,f790743632bd4f42d18a98441639db410611efc2
economist_tunisia_all,Morocco goes mobile,2000-05-11,f83a3b110c5d0a9ea7ad34b9704fa51ddb8cdbf0
economist_tunisia_economy,Morocco goes mobile,2000-05-11,f83a3b110c5d0a9ea7ad34b9704fa51ddb8cdbf0
economist_tunisia_all,Tunisia takes a cinematic look at jihadists,2018-11-08,f866fa71104a01b972e413831f1847e82955b453
economist_tunisia_economy,Tunisia takes a cinematic look at jihadists,2018-11-08,f866fa71104a01b972e413831f1847e82955b453
economist_tunisia_economy,Settler bet: a West Bank flashpoint,2026-08-18,f90646c7fc030cf29c36017d57d30756902d552e
economist_tunisia_all,Settler bet: a West Bank flashpoint,2026-08-18,f90646c7fc030cf29c36017d57d30756902d552e
economist_tunisia_all,Trouble amid transition,2013-12-20,f93b70a3df844c3ec2a978d237c220f208ad6b8b
economist_tunisia_economy,Trouble amid transition,2013-12-20,f93b70a3df844c3ec2a978d237c220f208ad6b8b
leconomistmaghrebin,QNB participe au forum international TICEFA 2023,2023-05-11,f96eb4ca7366ee5f3ea1d0a72d1960b5fe3b5915
ilboursa,QNB participe au Forum international TICEFA 2023,2023-05-11,f96eb4ca7366ee5f3ea1d0a72d1960b5fe3b5915
economist_tunisia_economy,What is the Arabic for democracy?,2016-05-12,f974ced50377b5da1cde10b91a2326165af38a45
economist_tunisia_all,What is the Arabic for democracy?,2016-05-12,f974ced50377b5da1cde10b91a2326165af38a45
economist_tunisia_all,Israel’s economy is booming,2026-05-21,f98a9f7179691e0f3a42d7e72233aea299450e51
economist_tunisia_economy,Israel’s economy is booming,2026-05-21,f98a9f7179691e0f3a42d7e72233aea299450e51
economist_tunisia_all,Nvidia is the central bank of AI,2026-09-03,f9918fcf87c53ff3a2779611b6a5c3d7c479e314
economist_tunisia_economy,Nvidia is the central bank of AI,2026-09-03,f9918fcf87c53ff3a2779611b6a5c3d7c479e314
economist_tunisia_all,Core principles,2007-06-21,f992dd7c62045f6e4b63a7d4b4c548a742ee9463
economist_tunisia_economy,Core principles,2007-06-21,f992dd7c62045f6e4b63a7d4b4c548a742ee9463
economist_tunisia_economy,America’s decaying Treasury market needs a fix,2026-06-04,f99d11801886b6cac16cdf6e6969c328ea22dcc8
economist_tunisia_all,America’s decaying Treasury market needs a fix,2026-06-04,f99d11801886b6cac16cdf6e6969c328ea22dcc8
leconomistmaghrebin,Le CMF suspend la cotation de Tawasol Group Holding,2025-12-18,f9a5f468e5967ee2d11035034a8c3540b1b505de
lapresse,Le CMF suspend la cotation de Tawasol Group Holding,2025-12-17,f9a5f468e5967ee2d11035034a8c3540b1b505de
economist_tunisia_economy,The Kremlin’s crypto king,2026-08-21,f9e2edc38bb79d1362850624de19fe5e6019558e
economist_tunisia_all,The Kremlin’s crypto king,2026-08-21,f9e2edc38bb79d1362850624de19fe5e6019558e
economist_tunisia_all,Can the IMF solve the poor world’s debt crisis?,2024-04-18,f9fa616ae3f8e003bbede3412c2eaa856524c89e
economist_tunisia_economy,Can the IMF solve the poor world’s debt crisis?,2024-04-18,f9fa616ae3f8e003bbede3412c2eaa856524c89e
economist_tunisia_all,Bond markets aren’t just running a temperature,2026-09-14,fa0a5f2a78a5508424f9df955d51be762814302c
economist_tunisia_economy,Bond markets aren’t just running a temperature,2026-09-14,fa0a5f2a78a5508424f9df955d51be762814302c
economist_tunisia_all,"Fires, earthquakes and inflation are putting tourists off Turkey",2025-09-04,fa0b34527c8f6b9906b99c57f8ee2958dd057419
economist_tunisia_economy,"Fires, earthquakes and inflation are putting tourists off Turkey",2025-09-04,fa0b34527c8f6b9906b99c57f8ee2958dd057419
economist_tunisia_economy,India’s new economy still faces an old problem,2026-06-18,fa60327c48051398035673a460d0f0cccdb3da3e
economist_tunisia_all,India’s new economy still faces an old problem,2026-06-18,fa60327c48051398035673a460d0f0cccdb3da3e
leconomistmaghrebin,Comment les principales banques centrales vont-elles réagir à une instabilité financière croissante ?,2022-11-08,fac6ec5a6515617eee83e72dfd72693d70f601db
ilboursa,Comment les principales banques centrales vont-elles réagir à une instabilité financière croissante ?,2022-11-08,fac6ec5a6515617eee83e72dfd72693d70f601db
ilboursa,"TTS, première agence de voyage au monde certifiée CRISTAL POSI-Check COVID-19",2020-07-14,fb09c8930bbb9dd104dbcfd14699c604335c6aa5
kapitalis,"TTS, première agence de voyage au monde certifiée Cristal POSI-Check Covid-19",2020-07-14,fb09c8930bbb9dd104dbcfd14699c604335c6aa5
economist_tunisia_all,Borderland bogeymen,2013-05-11,fb25e3a6c3e2ab258a05548e56c418e60245d47c
economist_tunisia_economy,Borderland bogeymen,2013-05-11,fb25e3a6c3e2ab258a05548e56c418e60245d47c
economist_tunisia_economy,How much public debt is too much?,2025-10-13,fc0493e4e54169e72444ae697c4d941568992835
economist_tunisia_all,How much public debt is too much?,2025-10-13,fc0493e4e54169e72444ae697c4d941568992835
economist_tunisia_economy,America has a whopping debt. But Europe has the whopping debt problem,2026-09-03,fc1d82b3a3b2455e0a032da5b7e0e197e2b741cb
economist_tunisia_all,America has a whopping debt. But Europe has the whopping debt problem,2026-09-03,fc1d82b3a3b2455e0a032da5b7e0e197e2b741cb
economist_tunisia_economy,The world’s most “liveable” cities,2015-08-18,fcdc78bb0bc2a175b3c81c8ada95eb58d7a61399
economist_tunisia_all,The world’s most “liveable” cities,2015-08-18,fcdc78bb0bc2a175b3c81c8ada95eb58d7a61399
economist_tunisia_economy,No one is really in charge,2011-01-27,fcdf2b4f5ba7de966aafe80b09aecbc69108d2eb
economist_tunisia_all,No one is really in charge,2011-01-27,fcdf2b4f5ba7de966aafe80b09aecbc69108d2eb
ilboursa,Ooredoo conclut un partenariat avec la startup SWIVER,2021-12-13,fce7f6ad9b8acc111d9c6a33e9b0daa57479d7ee
kapitalis,Ooredoo conclut un partenariat avec la startup Swiver,2021-12-14,fce7f6ad9b8acc111d9c6a33e9b0daa57479d7ee
ilboursa,La croissance du commerce mondial devrait connaître une légère reprise en 2024,2024-03-17,fd6f4387e93abad7e8a1fc48ebfdeb1bbface07c
leconomistmaghrebin,La croissance du commerce mondial devrait connaître une légère reprise en 2024,2024-03-17,fd6f4387e93abad7e8a1fc48ebfdeb1bbface07c
economist_tunisia_all,Silicon Valley wades into a trade spat with South Korea,2026-01-28,fdc725de96c3ff7923c583d67a0df61d6758485e
economist_tunisia_economy,Silicon Valley wades into a trade spat with South Korea,2026-01-28,fdc725de96c3ff7923c583d67a0df61d6758485e
economist_tunisia_economy,Wall Street is drooling over bank mergers,2025-12-11,fdcf1307dc781ecd0dd214131044601f95b1043e
economist_tunisia_all,Wall Street is drooling over bank mergers,2025-12-11,fdcf1307dc781ecd0dd214131044601f95b1043e
kapitalis,Transfert des titres détenus par Groupama SA : La Star précise,2018-04-11,fdf1a645597cfab466f103ad6f9b41c319860371
ilboursa,Transfert des titres détenus par Groupama SA : La STAR précise,2018-04-05,fdf1a645597cfab466f103ad6f9b41c319860371
leconomistmaghrebin,Bourse de Tunis : une semaine dans le rouge,2019-03-30,fdf4faa49d3d126efdec9feae36695f2f8b7d619
kapitalis,Bourse de Tunis : Une semaine dans le rouge,2020-09-26,fdf4faa49d3d126efdec9feae36695f2f8b7d619
economist_tunisia_all,Hoping for an Obama effect,2009-12-30,fe9e5fc0fd71d333ba5648bead2d2164df7101f8
economist_tunisia_economy,Hoping for an Obama effect,2009-12-30,fe9e5fc0fd71d333ba5648bead2d2164df7101f8
ilboursa,"Hatem SMIRI, nouveau Président du Conseil du Marché Financier",2025-01-05,ff0826cc721bdf56e1a287be2f292a5b3d0312be
leconomistmaghrebin,"Hatem Smiri, nouveau président du Conseil du marché financier",2025-01-05,ff0826cc721bdf56e1a287be2f292a5b3d0312be
ilboursa,Trois cadres de la BTK entament la mise en place d’une nouvelle banque en Guinée,2023-03-08,ff1896e3ff309ecb78ff490369d80a66dcc42f11
leconomistmaghrebin,Trois cadres de la BTK entament la mise en place d’une nouvelle banque en Guinée,2023-03-09,ff1896e3ff309ecb78ff490369d80a66dcc42f11
leconomistmaghrebin,"Tunis accueillera le Green Growth Summit, catalyseur de la transition et des investissements verts",2024-04-26,ff55c3f8ff2473107222a12cc45a99e6c96ea8b9
ilboursa,"Tunis accueillera le Green Growth Summit, catalyseur de la transition et des investissements verts",2024-04-26,ff55c3f8ff2473107222a12cc45a99e6c96ea8b9
economist_tunisia_economy,How much is Donald Trump costing America’s economy?,2026-05-18,ffde3d5d30919cac70530aa85ca5f54ef41ce01b
economist_tunisia_all,How much is Donald Trump costing America’s economy?,2026-05-18,ffde3d5d30919cac70530aa85ca5f54ef41ce01b
